stock_id,signal_date,entry_price,support,resistance,ma20,deviation_pct,stop_baseline,stop_a,target_baseline,target_b,baseline_outcome,baseline_ret_pct,a_outcome,a_ret_pct,b_outcome,b_ret_pct,ab_outcome,ab_ret_pct
2330,2022-11-25,498.0,378.5,498.0,442.02,12.66,473.1,483.06,537.84,553.98,stopped,-5.0,stopped,-3.0,stopped,-5.0,stopped,-3.0
2330,2023-05-30,566.0,494.5,574.0,520.83,8.67,537.7,537.7,574.0,591.22,target,1.41,target,1.41,target,4.46,target,4.46
2330,2023-11-06,550.0,527.0,564.0,542.4,1.4,519.1,506.0,564.0,580.92,target,2.55,target,2.55,target,5.62,target,5.62
2330,2024-10-08,1010.0,891.0,1080.0,961.75,5.02,959.5,959.5,1080.0,1112.4,target,6.93,target,6.93,neither,5.45,neither,5.45
2330,2025-05-22,982.0,859.0,1085.0,945.6,3.85,932.9,903.44,1085.0,1117.55,neither,7.43,neither,7.43,neither,7.43,neither,7.43
2317,2023-02-21,102.5,98.0,107.0,100.76,1.73,96.53,94.3,107.0,110.21,neither,0.98,neither,0.98,neither,0.98,neither,0.98
2317,2023-12-18,102.0,100.5,108.0,101.47,0.52,98.99,93.84,108.0,111.24,neither,-1.96,neither,-1.96,neither,-1.96,neither,-1.96
2317,2024-02-26,103.5,99.9,105.0,102.09,1.38,98.4,95.22,105.0,108.15,target,1.45,target,1.45,target,4.49,target,4.49
2317,2024-10-14,199.0,169.5,219.0,186.07,6.95,189.05,189.05,219.0,225.57,target,10.05,target,10.05,neither,7.54,neither,7.54
2317,2025-05-29,156.0,142.0,176.0,152.43,2.35,148.2,143.52,176.0,181.28,neither,5.77,neither,5.77,neither,5.77,neither,5.77
2317,2026-05-06,252.0,196.5,253.5,216.65,16.32,239.4,244.44,253.5,261.11,target,0.6,target,0.6,target,3.62,stopped,-3.0
2454,2022-11-15,722.0,558.0,735.0,612.6,17.86,685.9,700.34,735.0,757.05,target,1.8,target,1.8,neither,-1.8,stopped,-3.0
2454,2023-02-07,717.0,621.0,756.0,691.7,3.66,681.15,659.64,756.0,778.68,target,5.44,target,5.44,target,8.6,target,8.6
2454,2023-06-08,768.0,661.0,794.0,724.3,6.03,729.6,729.6,794.0,817.82,stopped,-5.0,stopped,-5.0,stopped,-5.0,stopped,-5.0
2454,2023-09-11,714.0,667.0,793.0,696.4,2.53,678.3,656.88,793.0,816.79,target,11.06,target,11.06,target,14.4,target,14.4
2454,2024-02-23,1100.0,884.0,1100.0,955.9,15.07,1045.0,1067.0,1188.0,1223.64,target,8.0,stopped,-3.0,target,11.24,stopped,-3.0
2454,2024-05-28,1310.0,982.0,1320.0,1136.1,15.31,1244.5,1270.7,1320.0,1359.6,stopped,-5.0,stopped,-3.0,stopped,-5.0,stopped,-3.0
2454,2024-10-15,1300.0,1080.0,1365.0,1204.0,7.97,1235.0,1235.0,1365.0,1405.95,stopped,-5.0,stopped,-5.0,stopped,-5.0,stopped,-5.0
2454,2025-07-16,1410.0,1225.0,1420.0,1310.25,7.61,1339.5,1339.5,1420.0,1462.6,target,0.71,target,0.71,stopped,-5.0,stopped,-5.0
2454,2025-12-15,1420.0,1130.0,1545.0,1333.0,6.53,1349.0,1349.0,1545.0,1591.35,neither,5.63,neither,5.63,neither,5.63,neither,5.63
2454,2026-04-24,2435.0,1430.0,2435.0,1759.5,38.39,2313.25,2361.95,2629.8,2708.69,target,8.0,target,8.0,target,11.24,target,11.24
2308,2023-02-17,294.5,276.0,306.5,291.45,1.05,279.77,270.94,306.5,315.69,target,4.07,target,4.07,neither,-0.51,neither,-0.51
2308,2024-03-15,303.0,286.0,317.5,298.07,1.65,287.85,278.76,317.5,327.03,target,4.79,target,4.79,target,7.93,target,7.93
2308,2024-05-16,320.0,294.0,365.0,314.55,1.73,304.0,294.4,365.0,375.95,neither,10.47,neither,10.47,neither,10.47,neither,10.47
2308,2024-10-28,405.0,363.5,427.0,390.77,3.64,384.75,372.6,427.0,439.81,stopped,-5.0,neither,-4.32,stopped,-5.0,neither,-4.32
2308,2024-12-12,417.0,374.5,421.0,392.93,6.13,396.15,396.15,421.0,433.63,target,0.96,target,0.96,target,3.99,target,3.99
2308,2025-05-26,370.5,332.0,407.0,363.75,1.86,351.97,340.86,407.0,419.21,target,9.85,target,9.85,neither,12.55,neither,12.55
2308,2026-01-14,1060.0,886.0,1085.0,977.05,8.49,1007.0,1007.0,1085.0,1117.55,target,2.36,target,2.36,target,5.43,target,5.43
2382,2022-12-16,72.0,69.6,78.4,71.84,0.22,68.56,66.24,78.4,80.75,neither,2.92,neither,2.92,neither,2.92,neither,2.92
2382,2024-01-03,214.0,196.0,262.0,209.05,2.37,203.3,196.88,262.0,269.86,neither,15.42,neither,15.42,neither,15.42,neither,15.42
2382,2024-10-17,300.5,248.0,307.0,270.25,11.19,285.47,291.49,307.0,316.21,target,2.16,target,2.16,target,5.23,target,5.23
2382,2025-05-15,277.5,222.5,278.5,246.5,12.58,263.62,269.18,278.5,286.86,stopped,-5.0,stopped,-3.0,stopped,-5.0,stopped,-3.0
2382,2025-09-30,290.0,252.5,298.0,272.8,6.3,275.5,275.5,298.0,306.94,target,2.76,target,2.76,target,5.84,target,5.84
2382,2026-01-28,287.0,263.5,301.5,281.2,2.06,272.65,264.04,301.5,310.55,stopped,-5.0,target,5.05,stopped,-5.0,neither,-1.74
2891,2022-11-23,22.55,20.35,23.7,21.31,5.81,21.42,21.42,23.7,24.41,neither,-3.77,neither,-3.77,neither,-3.77,neither,-3.77
2891,2023-05-02,22.9,21.55,23.3,22.22,3.04,21.75,21.07,23.3,24.0,target,1.75,target,1.75,target,4.8,target,4.8
2891,2023-10-17,25.15,23.7,26.7,24.64,2.08,23.89,23.14,26.7,27.5,neither,3.98,neither,3.98,neither,3.98,neither,3.98
2891,2024-10-15,36.35,31.9,38.1,34.44,5.54,34.53,34.53,38.1,39.24,stopped,-5.01,stopped,-5.01,stopped,-5.01,stopped,-5.01
2891,2025-05-20,41.75,35.6,42.0,39.38,6.01,39.66,39.66,42.0,43.26,target,0.6,target,0.6,target,3.62,target,3.62
2891,2025-10-01,43.05,41.65,44.5,42.68,0.86,41.03,39.61,44.5,45.84,neither,-2.32,neither,-2.32,neither,-2.32,neither,-2.32
2891,2025-11-21,43.4,41.75,43.8,42.51,2.08,41.12,39.93,43.8,45.11,target,0.92,target,0.92,target,3.94,target,3.94
2882,2022-11-25,42.55,37.6,44.65,40.73,4.47,40.42,39.15,44.65,45.99,stopped,-5.01,neither,-3.29,stopped,-5.01,neither,-3.29
2882,2023-01-30,42.7,39.6,44.5,41.02,4.1,40.56,39.28,44.5,45.84,target,4.22,target,4.22,neither,0.12,neither,0.12
2882,2023-07-28,45.75,42.05,46.0,44.09,3.77,43.46,42.09,46.0,47.38,target,0.55,target,0.55,neither,-0.77,neither,-0.77
2882,2023-11-27,45.75,43.85,47.0,45.43,0.72,43.19,42.09,47.0,48.41,neither,-1.97,neither,-1.97,neither,-1.97,neither,-1.97
2882,2024-03-12,46.5,43.7,46.5,44.78,3.84,44.17,42.78,50.22,51.73,target,8.0,target,8.0,neither,6.88,neither,6.88
2882,2025-02-26,69.2,64.9,70.7,67.87,1.96,65.74,63.66,70.7,72.82,stopped,-5.0,neither,-5.64,stopped,-5.0,neither,-5.64
2882,2025-06-03,63.9,53.6,68.7,60.26,6.04,60.7,60.7,68.7,70.76,target,7.51,target,7.51,neither,-0.78,neither,-0.78
2882,2025-09-04,64.1,61.5,69.5,63.59,0.8,60.58,58.97,69.5,71.59,neither,1.4,neither,1.4,neither,1.4,neither,1.4
2882,2025-12-04,69.0,63.5,69.2,65.29,5.67,65.55,65.55,69.2,71.28,target,0.29,target,0.29,target,3.3,target,3.3
2882,2026-05-04,76.2,71.0,81.6,74.39,2.44,72.39,70.1,81.6,84.05,target,7.09,target,7.09,target,10.3,target,10.3
2881,2022-11-22,55.9,49.6,57.9,53.48,4.53,53.1,51.43,57.9,59.64,target,3.58,target,3.58,target,6.69,target,6.69
2881,2023-05-09,59.5,56.6,61.1,58.31,2.05,55.75,54.74,61.1,62.93,target,2.69,target,2.69,neither,4.03,neither,4.03
2881,2023-11-22,64.6,59.3,65.0,61.76,4.61,61.37,59.43,65.0,66.95,target,0.62,target,0.62,neither,-1.55,neither,-1.55
2881,2024-05-15,73.8,64.2,74.1,68.76,7.34,70.11,70.11,74.1,76.32,target,0.41,target,0.41,target,3.41,target,3.41
2881,2024-12-24,91.8,87.3,94.9,91.27,0.59,85.99,84.46,94.9,97.75,neither,1.09,neither,1.09,neither,1.09,neither,1.09
2881,2025-02-07,92.3,89.2,94.9,91.25,1.16,87.86,84.92,94.9,97.75,neither,-1.73,neither,-1.73,neither,-1.73,neither,-1.73
2881,2025-06-11,90.1,79.2,91.0,83.09,8.44,85.59,85.59,91.0,93.73,stopped,-5.01,stopped,-5.01,stopped,-5.01,stopped,-5.01
2881,2025-08-15,88.8,81.1,90.1,84.46,5.14,84.36,84.36,90.1,92.8,stopped,-5.0,stopped,-5.0,stopped,-5.0,stopped,-5.0
2881,2026-05-12,93.7,86.7,96.9,90.23,3.85,89.02,86.2,96.9,99.81,target,3.42,target,3.42,target,6.52,target,6.52
2886,2022-12-08,31.1,30.0,34.85,31.09,0.02,29.55,28.61,34.85,35.9,neither,-0.48,neither,-0.48,neither,-0.48,neither,-0.48
2886,2023-10-12,38.95,36.15,40.6,37.63,3.49,37.0,35.83,40.6,41.82,stopped,-5.01,neither,-0.9,stopped,-5.01,neither,-0.9
2886,2024-03-13,40.4,37.55,40.4,38.78,4.16,38.38,37.17,43.63,44.94,neither,-1.11,neither,-1.11,neither,-1.11,neither,-1.11
2886,2024-07-03,42.75,39.0,42.8,40.06,6.71,40.61,40.61,42.8,44.08,target,0.12,target,0.12,neither,-0.35,neither,-0.35
2886,2024-11-20,39.95,38.6,40.2,39.22,1.86,38.02,36.75,40.2,41.41,target,0.63,target,0.63,neither,-2.75,neither,-2.75
2886,2025-03-03,40.15,38.4,40.55,39.12,2.64,37.82,36.94,40.55,41.77,neither,-0.62,neither,-0.62,neither,-0.62,neither,-0.62
2886,2025-05-22,40.0,37.15,41.3,39.14,2.19,38.0,36.8,41.3,42.54,neither,0.88,neither,0.88,neither,0.88,neither,0.88
2886,2026-01-15,40.65,39.95,41.95,40.49,0.4,39.35,37.4,41.95,41.95,stopped,-3.2,neither,0.74,stopped,-3.2,neither,0.74
2886,2026-04-28,40.15,38.2,40.95,39.46,1.74,37.63,36.94,40.95,42.18,target,1.99,target,1.99,neither,-1.74,neither,-1.74
2884,2022-12-14,24.65,23.45,27.4,24.25,1.64,23.1,22.68,27.4,28.22,neither,-2.43,neither,-2.43,neither,-2.43,neither,-2.43
2884,2023-04-14,25.45,23.5,26.1,24.71,2.99,24.18,23.41,26.1,26.88,neither,-0.59,neither,-0.59,neither,-0.59,neither,-0.59
2884,2023-11-20,25.2,23.8,25.25,24.37,3.41,23.94,23.18,25.25,26.01,target,0.2,target,0.2,neither,1.79,neither,1.79
2884,2024-03-18,26.5,24.3,26.8,25.27,4.85,25.17,24.38,26.8,27.6,target,1.13,target,1.13,neither,0.0,neither,0.0
2884,2024-09-30,28.05,26.85,30.6,27.94,0.4,26.45,25.81,30.6,31.52,stopped,-5.7,neither,-4.28,stopped,-5.7,neither,-4.28
2884,2025-01-20,27.55,26.85,27.95,27.33,0.81,26.45,25.35,27.95,28.79,target,1.45,target,1.45,target,4.5,target,4.5
2884,2025-05-21,30.15,27.35,30.25,28.89,4.38,28.64,27.74,30.25,31.16,target,0.33,target,0.33,target,3.35,target,3.35
2884,2025-12-19,33.55,30.1,34.2,31.65,6.0,31.87,31.87,34.2,35.23,target,1.94,target,1.94,neither,-1.34,neither,-1.34
2884,2026-06-12,34.35,30.65,34.7,32.28,6.43,32.63,32.63,34.7,35.74,target,1.02,target,1.02,target,4.05,target,4.05
2892,2022-12-01,26.2,24.25,27.05,25.58,2.41,24.89,24.1,27.05,27.86,neither,-0.38,neither,-0.38,neither,-0.38,neither,-0.38
2892,2023-04-19,26.85,25.45,27.2,26.47,1.43,25.51,24.7,27.2,28.02,target,1.3,target,1.3,target,4.36,target,4.36
2892,2023-11-20,27.45,25.8,27.65,26.63,3.09,26.08,25.25,27.65,28.48,target,0.73,target,0.73,neither,0.18,neither,0.18
2892,2024-03-11,27.05,26.65,27.75,27.03,0.08,26.25,24.89,27.75,28.58,target,2.59,target,2.59,neither,1.66,neither,1.66
2892,2024-05-06,27.9,26.4,28.0,27.22,2.48,26.5,25.67,28.0,28.0,target,0.36,target,0.36,target,0.36,target,0.36
2892,2024-12-02,27.3,26.2,28.0,27.22,0.3,25.81,25.12,28.0,28.84,target,2.56,target,2.56,neither,-0.18,neither,-0.18
2892,2025-05-29,27.05,25.05,27.95,26.48,2.15,25.7,24.89,27.95,28.79,target,3.33,target,3.33,target,6.43,target,6.43
2892,2025-09-25,29.6,28.2,30.8,29.44,0.54,27.78,27.23,30.8,31.72,neither,-3.21,neither,-3.21,neither,-3.21,neither,-3.21
2892,2025-12-30,29.75,27.3,30.5,28.76,3.43,28.26,27.37,30.5,31.41,neither,-2.35,neither,-2.35,neither,-2.35,neither,-2.35
2892,2026-06-15,31.3,27.2,31.65,28.82,8.6,29.73,29.73,31.65,32.6,target,1.12,target,1.12,target,4.15,target,4.15
2880,2022-12-01,22.8,20.65,23.4,22.03,3.51,21.66,20.98,23.4,24.1,neither,-2.19,neither,-2.19,neither,-2.19,neither,-2.19
2880,2023-04-27,22.8,22.05,23.6,22.62,0.82,21.72,20.98,23.6,24.31,stopped,-4.74,neither,-2.41,stopped,-4.74,neither,-2.41
2880,2023-06-07,22.4,21.7,23.0,22.32,0.35,21.37,20.61,23.0,23.69,stopped,-4.6,neither,-4.46,stopped,-4.6,neither,-4.46
2880,2023-11-17,21.6,20.25,21.7,20.77,4.02,20.52,19.87,21.7,22.35,target,0.46,target,0.46,target,3.47,target,3.47
2880,2024-03-14,22.8,21.55,22.8,21.9,4.13,21.66,20.98,24.62,25.36,neither,0.66,neither,0.66,neither,0.66,neither,0.66
2880,2024-12-03,27.0,25.1,27.0,25.65,5.27,25.65,25.65,29.16,30.03,stopped,-5.0,stopped,-5.0,stopped,-5.0,stopped,-5.0
2880,2025-07-08,28.4,26.1,28.6,27.08,4.87,26.98,26.13,28.6,29.46,target,0.7,target,0.7,target,3.73,target,3.73
2880,2025-12-08,30.55,28.35,31.2,29.47,3.67,29.02,28.11,31.2,32.14,target,2.13,target,2.13,target,5.2,target,5.2
2880,2026-04-17,36.15,32.3,38.1,34.09,6.04,34.34,34.34,38.1,39.24,stopped,-5.01,stopped,-5.01,stopped,-5.01,stopped,-5.01
2880,2026-06-17,38.1,29.6,38.6,33.94,12.27,36.2,36.96,38.6,39.76,target,1.31,target,1.31,stopped,-4.99,stopped,-2.99
1301,2022-11-23,88.9,81.9,91.8,85.79,3.62,84.45,81.79,91.8,94.55,neither,-3.94,neither,-3.94,neither,-3.94,neither,-3.94
1301,2023-12-01,80.7,77.3,83.3,80.03,0.84,76.14,74.24,83.3,85.8,neither,-1.86,neither,-1.86,neither,-1.86,neither,-1.86
1301,2025-03-04,37.35,33.35,43.7,37.18,0.47,35.48,34.36,43.7,45.01,neither,1.34,neither,1.34,neither,1.34,neither,1.34
1301,2025-07-02,36.0,33.35,38.35,35.48,1.47,34.2,33.12,38.35,39.5,stopped,-5.0,target,6.53,stopped,-5.0,target,9.72
1301,2025-07-21,38.9,33.4,39.5,35.75,8.8,36.95,36.95,39.5,40.69,target,1.54,target,1.54,target,4.6,target,4.6
1301,2025-11-12,41.35,36.5,41.9,38.72,6.8,39.28,39.28,41.9,43.16,target,1.33,target,1.33,target,4.38,target,4.38
1301,2026-01-19,43.7,37.9,44.8,40.37,8.25,41.52,41.52,44.8,46.14,target,2.52,target,2.52,target,5.58,target,5.58
1301,2026-06-25,58.0,43.1,59.8,48.9,18.6,55.1,56.26,59.8,61.59,stopped,-5.0,stopped,-3.0,stopped,-5.0,stopped,-3.0
1303,2022-11-10,70.6,63.1,71.1,68.15,3.59,67.07,64.95,71.1,73.23,target,0.71,target,0.71,target,3.73,target,3.73
1303,2023-01-31,75.4,70.1,78.6,73.0,3.29,71.63,69.37,78.6,80.96,neither,-0.4,neither,-0.4,neither,-0.4,neither,-0.4
1303,2023-11-28,68.6,61.7,69.6,66.34,3.41,65.17,63.11,69.6,71.69,stopped,-5.0,neither,-3.64,stopped,-5.0,neither,-3.64
1303,2025-03-06,33.5,29.85,39.9,32.74,2.33,31.82,30.82,39.9,41.1,stopped,-5.01,stopped,-8.0,stopped,-5.01,stopped,-8.0
1303,2025-07-29,35.85,26.25,37.3,29.74,20.54,34.06,34.77,37.3,38.42,target,4.04,target,4.04,target,7.17,target,7.17
1326,2022-11-10,70.8,64.3,70.9,68.72,3.02,67.26,65.14,70.9,73.03,target,0.14,target,0.14,target,3.15,target,3.15
1326,2023-06-07,69.5,67.0,70.5,69.08,0.6,66.0,63.94,70.5,72.61,stopped,-5.04,stopped,-8.0,stopped,-5.04,stopped,-8.0
1326,2023-11-24,64.0,60.6,66.1,62.99,1.6,60.8,58.88,66.1,68.08,neither,-4.06,neither,-4.06,neither,-4.06,neither,-4.06
1326,2024-05-17,56.6,52.3,58.2,55.65,1.7,53.77,52.07,58.2,59.95,stopped,-5.0,stopped,-8.0,stopped,-5.0,stopped,-8.0
1326,2025-03-10,29.6,25.95,34.95,28.8,2.77,28.12,27.23,34.95,36.0,stopped,-5.0,stopped,-8.01,stopped,-5.0,stopped,-8.01
1326,2025-07-29,26.95,21.8,29.25,24.54,9.82,25.6,25.6,29.25,30.13,target,8.53,target,8.53,target,11.8,target,11.8
1326,2026-06-04,55.2,43.65,59.0,47.65,15.83,52.44,53.54,59.0,60.77,stopped,-5.0,stopped,-3.01,stopped,-5.0,stopped,-3.01
2002,2022-09-13,29.8,28.4,32.3,29.07,2.51,27.97,27.42,32.3,33.27,stopped,-6.14,stopped,-7.99,stopped,-6.14,stopped,-7.99
2002,2022-11-25,28.75,26.55,29.9,28.06,2.47,27.31,26.45,29.9,30.8,target,4.0,target,4.0,target,7.13,target,7.13
2002,2023-11-30,26.2,24.3,27.2,25.29,3.62,24.89,24.1,27.2,28.02,neither,3.05,neither,3.05,neither,3.05,neither,3.05
2002,2024-04-24,24.75,23.8,26.25,24.61,0.58,23.44,22.77,26.25,27.04,neither,-2.42,neither,-2.42,neither,-2.42,neither,-2.42
2002,2025-02-20,22.65,18.35,23.5,20.56,10.18,21.52,21.97,23.5,24.21,target,3.75,target,3.75,target,6.89,target,6.89
2002,2025-08-13,19.65,18.75,21.55,19.38,1.41,18.47,18.08,21.55,22.2,neither,-1.02,neither,-1.02,neither,-1.02,neither,-1.02
2002,2025-12-23,18.6,18.0,19.9,18.58,0.12,17.73,17.11,19.9,20.5,neither,2.15,neither,2.15,neither,2.15,neither,2.15
2603,2022-09-19,169.0,78.5,186.0,96.32,75.45,160.55,163.93,186.0,186.0,stopped,-5.0,stopped,-3.0,stopped,-5.0,stopped,-3.0
2603,2023-03-14,171.0,142.5,172.0,157.22,8.76,162.45,162.45,172.0,177.16,target,0.58,target,0.58,target,3.6,target,3.6
2603,2023-09-19,116.0,104.0,162.5,108.17,7.23,110.2,110.2,162.5,167.38,stopped,-5.0,stopped,-5.0,stopped,-5.0,stopped,-5.0
2603,2023-11-17,115.0,103.0,120.5,109.58,4.95,109.25,105.8,120.5,124.12,target,4.78,target,4.78,target,7.93,target,7.93
2603,2025-03-12,228.5,210.5,238.0,218.95,4.36,217.07,210.22,238.0,245.14,stopped,-5.0,stopped,-8.0,stopped,-5.0,stopped,-8.0
2603,2025-05-20,257.5,197.5,265.0,219.7,17.21,244.62,249.78,265.0,272.95,target,2.91,target,2.91,stopped,-5.0,stopped,-3.0
2603,2025-11-07,187.0,175.0,201.0,186.55,0.24,177.65,172.04,201.0,207.03,neither,-2.14,neither,-2.14,neither,-2.14,neither,-2.14
2603,2025-12-30,191.0,178.0,201.0,184.25,3.66,181.45,175.72,201.0,207.03,neither,0.52,neither,0.52,neither,0.52,neither,0.52
2609,2022-12-02,64.8,61.1,74.3,64.18,0.97,61.56,59.62,74.3,76.53,stopped,-5.0,neither,1.08,stopped,-5.0,neither,1.08
2609,2023-03-10,68.7,58.7,72.1,63.51,8.16,65.27,65.27,72.1,74.26,stopped,-4.99,stopped,-4.99,stopped,-4.99,stopped,-4.99
2609,2023-10-05,44.9,42.4,48.6,44.77,0.29,42.65,41.31,48.6,50.06,stopped,-5.01,neither,-5.79,stopped,-5.01,neither,-5.79
2609,2023-12-18,47.85,41.3,48.65,43.38,10.3,45.46,46.41,48.65,50.11,target,1.67,target,1.67,target,4.72,target,4.72
2609,2024-05-07,52.5,43.55,55.5,47.42,10.71,49.88,50.92,55.5,57.16,target,5.71,target,5.71,target,8.88,target,8.88
2609,2024-09-27,72.9,58.6,77.1,63.83,14.21,69.25,70.71,77.1,79.41,stopped,-5.01,stopped,-3.0,stopped,-5.01,stopped,-3.0
2609,2025-03-18,77.4,70.5,81.8,73.4,5.46,73.53,73.53,81.8,84.25,stopped,-5.0,stopped,-5.0,stopped,-5.0,stopped,-5.0
2609,2025-05-20,83.5,67.8,85.6,73.73,13.25,79.33,81.0,85.6,88.17,target,2.51,target,2.51,stopped,-4.99,stopped,-2.99
2609,2026-01-08,56.3,50.2,61.3,53.76,4.71,53.48,51.8,61.3,63.14,stopped,-5.01,neither,-6.22,stopped,-5.01,neither,-6.22
2615,2022-11-29,74.7,64.1,82.8,71.84,3.98,70.97,68.72,82.8,85.28,stopped,-4.99,stopped,-8.01,stopped,-4.99,stopped,-8.01
2615,2023-02-21,77.5,72.5,87.5,75.65,2.45,73.62,71.3,87.5,87.5,stopped,-5.01,stopped,-8.0,stopped,-5.01,stopped,-8.0
2615,2023-12-05,52.0,45.0,53.0,47.08,10.45,49.4,50.44,53.0,54.59,target,1.92,stopped,-3.0,stopped,-5.0,stopped,-3.0
2615,2024-05-09,58.0,42.7,58.0,47.27,22.71,55.1,56.26,62.64,64.52,target,8.0,target,8.0,target,11.24,target,11.24
2615,2024-09-24,90.7,73.6,90.7,79.52,14.07,86.16,87.98,97.96,100.89,target,8.0,target,8.0,target,11.23,target,11.23
2615,2025-03-05,85.5,72.9,89.5,81.95,4.34,81.22,78.66,89.5,92.19,stopped,-5.01,stopped,-8.0,stopped,-5.01,stopped,-8.0
2615,2025-05-09,86.6,65.4,89.0,82.59,4.86,82.27,79.67,89.0,91.67,target,2.77,target,2.77,target,5.85,target,5.85
2615,2026-03-13,78.7,73.2,92.4,77.82,1.14,74.77,72.4,92.4,95.17,stopped,-4.99,neither,-3.18,stopped,-4.99,neither,-3.18
2615,2026-05-26,81.5,73.5,92.4,77.89,4.63,77.42,74.98,92.4,95.17,neither,-3.31,neither,-3.31,neither,-3.31,neither,-3.31
3008,2022-11-15,2125.0,1720.0,2130.0,1879.5,13.06,2018.75,2061.25,2130.0,2193.9,target,0.24,stopped,-3.0,target,3.24,stopped,-3.0
3008,2023-02-23,2225.0,2050.0,2350.0,2205.75,0.87,2113.75,2047.0,2350.0,2420.5,target,5.62,target,5.62,target,8.79,target,8.79
3008,2023-06-02,2265.0,1985.0,2500.0,2182.0,3.8,2151.75,2083.8,2500.0,2575.0,stopped,-5.0,neither,-1.1,stopped,-5.0,neither,-1.1
3008,2023-10-13,2175.0,2005.0,2325.0,2110.5,3.06,2066.25,2001.0,2325.0,2394.75,stopped,-5.0,stopped,-8.0,stopped,-5.0,stopped,-8.0
3008,2023-11-03,2100.0,1980.0,2210.0,2070.5,1.42,1995.0,1932.0,2210.0,2210.0,target,5.24,target,5.24,target,5.24,target,5.24
3008,2023-11-16,2105.0,1980.0,2210.0,2077.5,1.32,1999.75,1936.6,2210.0,2276.3,target,4.99,target,4.99,target,8.14,target,8.14
3008,2024-06-18,2660.0,2145.0,2700.0,2321.5,14.58,2527.0,2580.2,2700.0,2781.0,target,1.5,stopped,-3.0,target,4.55,stopped,-3.0
3008,2024-12-13,2540.0,2325.0,2725.0,2453.0,3.55,2413.0,2336.8,2725.0,2806.75,target,7.28,target,7.28,target,10.5,target,10.5
3008,2025-06-09,2335.0,2180.0,2665.0,2270.5,2.84,2218.25,2148.2,2665.0,2744.95,stopped,-5.0,neither,-6.42,stopped,-5.0,neither,-6.42
3008,2026-01-05,2535.0,2020.0,2660.0,2222.25,14.07,2408.25,2458.95,2660.0,2739.8,stopped,-5.0,stopped,-3.0,stopped,-5.0,stopped,-3.0
3008,2026-04-22,2585.0,2135.0,2930.0,2394.0,7.98,2455.75,2455.75,2930.0,3017.9,stopped,-5.0,stopped,-5.0,stopped,-5.0,stopped,-5.0
2379,2022-11-23,327.0,240.0,348.0,289.62,12.9,310.65,317.19,348.0,358.44,target,6.42,target,6.42,stopped,-5.0,stopped,-3.0
2379,2023-06-08,395.0,363.0,405.0,379.77,4.01,375.25,363.4,405.0,417.15,target,2.53,target,2.53,neither,-4.05,neither,-4.05
2379,2023-11-23,433.5,382.0,458.0,414.38,4.62,411.82,398.82,458.0,471.74,target,5.65,target,5.65,target,8.82,target,8.82
2379,2024-06-19,558.0,517.0,592.0,546.05,2.19,530.1,513.36,592.0,609.76,stopped,-5.0,neither,-0.54,stopped,-5.0,neither,-0.54
2379,2025-06-04,541.0,498.5,567.0,522.65,3.51,513.95,497.72,567.0,584.01,target,4.81,target,4.81,target,7.95,target,7.95
2379,2026-01-26,517.0,480.0,592.0,512.8,0.82,491.15,475.64,592.0,609.76,stopped,-5.0,stopped,-8.0,stopped,-5.0,stopped,-8.0
2379,2026-04-15,525.0,469.0,592.0,493.85,6.31,498.75,498.75,592.0,609.76,target,12.76,target,12.76,target,16.14,target,16.14
3034,2022-11-10,290.0,228.0,293.5,248.88,16.52,275.5,281.3,293.5,302.31,target,1.21,target,1.21,target,4.24,target,4.24
3034,2023-06-14,460.5,400.0,469.0,431.8,6.65,437.47,437.47,469.0,483.07,stopped,-5.0,stopped,-5.0,stopped,-5.0,stopped,-5.0
3034,2023-09-18,447.5,380.5,466.0,415.62,7.67,425.12,425.12,466.0,479.98,stopped,-5.0,stopped,-5.0,stopped,-5.0,stopped,-5.0
3034,2025-06-26,531.0,487.0,559.0,511.82,3.75,504.45,488.52,559.0,575.77,stopped,-5.0,neither,-6.4,stopped,-5.0,neither,-6.4
3034,2026-03-17,381.0,352.0,406.0,380.38,0.16,361.95,350.52,406.0,418.18,target,6.56,target,6.56,neither,8.14,neither,8.14
2408,2022-10-26,54.5,45.3,57.7,52.07,4.67,51.77,50.14,57.7,59.43,target,5.87,target,5.87,target,9.05,target,9.05
2408,2023-02-07,58.2,50.5,62.0,56.5,3.01,55.29,53.54,62.0,63.86,neither,1.55,neither,1.55,neither,1.55,neither,1.55
2408,2023-09-22,72.0,64.6,75.7,68.71,4.79,68.4,66.24,75.7,77.97,stopped,-5.0,stopped,-8.0,stopped,-5.0,stopped,-8.0
2408,2023-12-01,73.7,62.6,75.0,68.81,7.11,70.02,70.02,75.0,77.25,target,1.76,target,1.76,target,4.82,target,4.82
2408,2024-06-21,72.2,62.8,75.4,66.31,8.88,68.59,68.59,75.4,77.66,stopped,-5.0,stopped,-5.0,stopped,-5.0,stopped,-5.0
2408,2025-02-21,41.45,27.15,42.55,31.22,32.78,39.38,40.21,42.55,43.83,stopped,-4.99,stopped,-2.99,stopped,-4.99,stopped,-2.99
2408,2025-05-21,43.65,33.5,46.6,38.97,12.01,41.47,42.34,46.6,48.0,stopped,-4.99,stopped,-3.0,stopped,-4.99,stopped,-3.0
2408,2025-09-09,53.9,44.05,61.5,47.65,13.11,51.2,52.28,61.5,63.34,target,14.1,target,14.1,target,17.51,target,17.51
2408,2026-05-14,341.0,199.0,353.0,250.93,35.9,323.95,330.77,353.0,363.59,stopped,-5.0,stopped,-3.0,stopped,-5.0,stopped,-3.0
2412,2022-12-13,111.0,107.5,119.0,110.88,0.11,105.89,102.12,119.0,122.57,neither,2.7,neither,2.7,neither,2.7,neither,2.7
2412,2023-09-15,117.5,116.0,126.0,116.9,0.51,114.26,108.1,126.0,126.0,neither,-1.28,neither,-1.28,neither,-1.28,neither,-1.28
2412,2023-11-15,118.0,115.0,118.5,116.6,1.2,113.27,108.56,118.5,122.06,target,0.42,target,0.42,target,3.44,target,3.44
2412,2024-09-03,124.0,120.5,128.0,123.22,0.63,118.69,114.08,128.0,131.84,neither,0.4,neither,0.4,neither,0.4,neither,0.4
2412,2025-08-20,136.5,128.5,138.0,132.6,2.94,129.67,125.58,138.0,142.14,target,1.1,target,1.1,neither,-1.47,neither,-1.47
2412,2026-01-12,133.5,129.5,134.0,131.47,1.54,127.56,122.82,134.0,138.02,target,0.37,target,0.37,neither,-1.12,neither,-1.12
3045,2024-08-15,108.5,101.0,116.0,106.15,2.21,103.07,99.82,116.0,119.48,target,6.91,target,6.91,neither,5.99,neither,5.99
3045,2024-12-19,116.0,110.5,119.0,114.18,1.6,108.84,106.72,119.0,122.57,neither,-3.45,neither,-3.45,neither,-3.45,neither,-3.45
3045,2025-03-06,116.5,110.5,117.5,113.2,2.92,110.67,107.18,117.5,121.03,target,0.86,target,0.86,stopped,-5.0,neither,-3.0
3045,2025-06-16,117.0,112.5,120.5,115.13,1.63,110.81,107.64,120.5,124.12,stopped,-5.29,stopped,-8.0,stopped,-5.29,stopped,-8.0
3045,2025-10-02,108.5,105.5,109.5,106.85,1.54,103.92,99.82,109.5,112.78,target,0.92,target,0.92,neither,1.84,neither,1.84
3045,2026-03-16,108.0,104.5,111.5,107.0,0.93,102.93,99.36,111.5,114.84,neither,1.85,neither,1.85,neither,1.85,neither,1.85
4904,2023-02-09,68.2,65.6,69.8,66.99,1.8,64.62,62.74,69.8,71.89,target,2.35,target,2.35,neither,3.37,neither,3.37
4904,2023-09-21,72.1,70.4,79.3,71.86,0.33,69.34,66.33,79.3,81.68,neither,4.44,neither,4.44,neither,4.44,neither,4.44
4904,2024-04-08,81.5,76.8,82.3,79.64,2.33,77.42,74.98,82.3,84.77,target,0.98,target,0.98,neither,1.84,neither,1.84
4904,2024-08-09,87.4,78.9,93.6,84.92,2.92,83.03,80.41,93.6,96.41,neither,5.15,neither,5.15,neither,5.15,neither,5.15
4904,2024-12-13,90.0,86.8,94.0,89.65,0.4,85.5,82.8,94.0,96.82,neither,-2.67,neither,-2.67,neither,-2.67,neither,-2.67
4904,2025-03-03,91.3,87.6,92.6,89.56,1.94,86.29,84.0,92.6,95.38,target,1.42,target,1.42,neither,0.77,neither,0.77
4904,2025-06-23,91.5,84.6,94.5,88.41,3.5,86.92,84.18,94.5,97.34,stopped,-5.01,stopped,-8.0,stopped,-5.01,stopped,-8.0
4904,2025-06-25,89.0,84.6,94.5,88.28,0.81,83.33,81.88,94.5,97.34,stopped,-6.37,stopped,-8.0,stopped,-6.37,stopped,-8.0
4904,2025-09-15,85.8,83.3,91.7,84.62,1.39,82.05,78.94,91.7,91.7,target,6.88,target,6.88,target,6.88,target,6.88
2801,2022-11-30,17.5,16.3,17.65,17.03,2.77,16.62,16.1,17.65,18.18,neither,-1.43,neither,-1.43,neither,-1.43,neither,-1.43
2801,2023-04-21,17.55,17.0,17.75,17.42,0.75,16.75,16.15,17.75,18.28,target,1.14,target,1.14,target,4.16,target,4.16
2801,2023-11-07,17.45,17.05,17.8,17.34,0.63,16.79,16.05,17.8,18.33,target,2.01,target,2.01,neither,2.01,neither,2.01
2801,2023-11-20,17.8,17.05,17.85,17.38,2.43,16.79,16.38,17.85,18.39,target,0.28,target,0.28,neither,-0.28,neither,-0.28
2801,2024-03-07,17.85,17.4,18.15,17.67,1.05,17.14,16.42,18.15,18.69,target,1.68,target,1.68,neither,2.24,neither,2.24
2801,2024-07-03,18.75,18.05,18.75,18.29,2.52,17.78,17.25,20.25,20.86,neither,0.0,neither,0.0,neither,0.0,neither,0.0
2801,2024-11-27,17.75,17.5,18.0,17.72,0.18,17.24,16.33,18.0,18.54,target,1.41,target,1.41,neither,0.0,neither,0.0
2801,2025-05-12,18.6,17.25,18.65,17.93,3.75,17.67,17.11,18.65,19.21,target,0.27,target,0.27,neither,-0.81,neither,-0.81
2801,2025-10-08,20.35,19.25,20.7,19.66,3.5,19.33,18.72,20.7,21.32,target,1.72,target,1.72,neither,0.49,neither,0.49
2801,2026-02-24,21.9,20.1,21.95,20.56,6.52,20.8,20.8,21.95,22.61,target,0.23,target,0.23,stopped,-5.02,stopped,-5.02
2801,2026-04-08,20.9,20.2,21.95,20.61,1.43,19.9,19.23,21.95,21.95,neither,0.0,neither,0.0,neither,0.0,neither,0.0
2801,2026-06-12,22.6,20.05,22.95,20.9,8.12,21.47,21.47,22.95,23.64,target,1.55,target,1.55,target,4.6,target,4.6
2809,2022-11-23,35.15,30.15,35.8,33.31,5.53,33.39,33.39,35.8,36.87,target,1.85,target,1.85,stopped,-5.01,stopped,-5.01
2809,2023-03-30,34.75,33.35,35.75,34.39,1.06,32.85,31.97,35.75,36.82,neither,1.15,neither,1.15,neither,1.15,neither,1.15
2809,2023-04-18,34.75,33.35,35.75,34.57,0.53,32.85,31.97,35.75,36.82,target,2.88,target,2.88,neither,3.88,neither,3.88
2809,2025-01-07,51.6,47.8,55.6,50.25,2.68,49.02,47.47,55.6,57.27,neither,-1.94,neither,-1.94,neither,-1.94,neither,-1.94
2809,2025-05-21,51.1,46.35,51.1,49.21,3.84,48.55,47.01,55.19,56.84,neither,1.57,neither,1.57,neither,1.57,neither,1.57
5880,2022-11-29,26.5,24.7,27.6,26.03,1.79,25.17,24.38,27.6,28.43,neither,-1.51,neither,-1.51,neither,-1.51,neither,-1.51
5880,2023-04-26,26.6,26.05,27.4,26.38,0.82,25.66,24.47,27.4,28.22,target,3.01,target,3.01,target,6.09,target,6.09
5880,2023-11-24,26.5,25.1,26.8,25.96,2.08,25.17,24.38,26.8,27.6,target,1.13,target,1.13,neither,-0.94,neither,-0.94
5880,2024-03-28,26.0,25.6,26.85,25.91,0.37,25.22,23.92,26.85,27.66,neither,1.54,neither,1.54,neither,1.54,neither,1.54
5880,2024-07-10,26.3,25.75,26.9,26.15,0.56,25.36,24.2,26.9,27.71,target,2.28,target,2.28,neither,0.95,neither,0.95
5880,2025-05-12,25.0,23.5,25.15,24.23,3.19,23.75,23.0,25.15,25.9,neither,-2.8,neither,-2.8,neither,-2.8,neither,-2.8
5880,2025-12-17,24.75,23.7,24.85,24.11,2.64,23.34,22.77,24.85,25.6,target,0.4,target,0.4,neither,-3.23,neither,-3.23
5880,2026-06-16,24.6,22.6,24.7,23.28,5.68,23.37,23.37,24.7,25.44,target,0.41,target,0.41,target,3.41,target,3.41
2887,2022-11-23,14.7,13.05,15.35,14.07,4.46,13.96,13.52,15.35,15.81,neither,2.38,neither,2.38,neither,2.38,neither,2.38
2887,2023-11-27,18.05,17.15,18.3,17.85,1.11,16.89,16.61,18.3,18.85,target,1.39,target,1.39,neither,-1.39,neither,-1.39
2887,2024-03-18,18.1,17.2,18.2,17.6,2.81,16.94,16.65,18.2,18.75,target,0.55,target,0.55,neither,-3.04,neither,-3.04
2887,2024-12-25,17.75,17.1,18.5,17.47,1.57,16.84,16.33,18.5,18.5,neither,-2.25,neither,-2.25,neither,-2.25,neither,-2.25
2887,2025-03-17,17.5,17.3,17.85,17.47,0.14,17.04,16.1,17.85,18.39,target,2.0,target,2.0,stopped,-2.63,stopped,-8.0
2887,2025-06-04,16.75,15.9,17.85,16.69,0.33,15.91,15.41,17.85,18.39,stopped,-5.01,neither,-4.48,stopped,-5.01,neither,-4.48
2887,2025-07-17,18.4,15.75,18.6,16.62,10.71,17.48,17.85,18.6,19.16,stopped,-5.0,stopped,-2.99,stopped,-5.0,stopped,-2.99
2887,2025-09-12,17.3,16.1,18.6,16.67,3.79,16.43,15.92,18.6,19.16,target,7.51,target,7.51,target,10.75,target,10.75
2887,2026-06-05,28.6,22.85,29.4,24.39,17.26,27.17,27.74,29.4,30.28,stopped,-5.0,stopped,-3.01,stopped,-5.0,stopped,-3.01
1216,2022-12-23,65.9,64.1,67.4,65.52,0.58,63.14,60.63,67.4,69.42,target,2.28,target,2.28,neither,2.43,neither,2.43
1216,2023-11-23,72.5,67.1,73.6,70.03,3.53,68.88,66.7,73.6,75.81,target,1.52,target,1.52,neither,1.66,neither,1.66
1216,2024-02-26,75.5,70.3,76.8,73.27,3.04,71.72,69.46,76.8,79.1,target,1.72,target,1.72,neither,0.0,neither,0.0
1216,2024-09-13,87.2,79.9,92.8,83.19,4.82,82.84,80.22,92.8,95.58,neither,2.87,neither,2.87,neither,2.87,neither,2.87
1216,2025-03-10,82.9,78.8,86.5,81.62,1.57,77.62,76.27,86.5,89.09,stopped,-6.37,stopped,-8.0,stopped,-6.37,stopped,-8.0
1216,2025-05-27,80.8,76.3,83.7,79.93,1.09,76.76,74.34,83.7,86.21,neither,-1.73,neither,-1.73,neither,-1.73,neither,-1.73
1216,2025-10-30,79.6,76.7,80.4,78.39,1.55,75.55,73.23,80.4,82.81,stopped,-5.09,neither,-3.77,stopped,-5.09,neither,-3.77
1216,2026-01-05,77.0,74.6,80.5,76.91,0.12,73.48,70.84,80.5,82.92,stopped,-4.57,neither,-7.01,stopped,-4.57,neither,-7.01
1216,2026-05-18,74.7,68.5,76.7,71.91,3.88,70.97,68.72,76.7,79.0,stopped,-4.99,target,2.68,stopped,-4.99,neither,2.14
1101,2023-04-24,39.55,36.05,39.8,37.19,6.35,37.57,37.57,39.8,40.99,target,0.63,target,0.63,stopped,-5.01,stopped,-5.01
1101,2023-11-30,34.95,32.4,35.5,33.43,4.54,33.2,32.15,35.5,36.56,neither,-0.14,neither,-0.14,neither,-0.14,neither,-0.14
1101,2024-04-23,32.35,31.0,33.6,32.17,0.55,30.54,29.76,33.6,34.61,target,3.86,target,3.86,neither,6.18,neither,6.18
1101,2024-11-22,33.35,31.7,34.2,32.54,2.5,31.22,30.68,34.2,35.23,target,2.55,target,2.55,neither,-4.5,neither,-4.5
1101,2025-02-25,34.95,30.85,35.1,32.52,7.46,33.2,33.2,35.1,36.15,target,0.43,target,0.43,stopped,-5.01,stopped,-5.01
1101,2025-12-22,22.6,20.95,24.5,22.5,0.47,21.47,20.79,24.5,25.23,target,8.41,target,8.41,target,11.64,target,11.64
1101,2026-05-08,25.0,24.05,26.75,24.78,0.9,23.69,23.0,26.75,27.55,stopped,-5.24,neither,-2.4,stopped,-5.24,neither,-2.4
1102,2022-09-15,44.85,42.05,44.95,43.16,3.92,42.61,41.26,44.95,46.3,stopped,-4.99,stopped,-8.0,stopped,-4.99,stopped,-8.0
1102,2022-12-02,40.85,37.35,44.9,40.27,1.43,38.81,37.58,44.9,46.25,neither,0.37,neither,0.37,neither,0.37,neither,0.37
1102,2023-10-17,40.6,38.95,41.2,39.98,1.56,38.37,37.35,41.2,42.44,neither,-1.23,neither,-1.23,neither,-1.23,neither,-1.23
1102,2023-11-16,41.5,38.6,41.7,39.98,3.79,39.42,38.18,41.7,42.95,target,0.48,target,0.48,neither,1.93,neither,1.93
1102,2024-03-20,40.7,39.85,42.65,40.43,0.66,39.25,37.44,42.65,43.93,target,4.79,target,4.79,neither,3.19,neither,3.19
1102,2024-07-05,44.75,40.6,46.0,43.4,3.1,42.51,41.17,46.0,47.38,stopped,-5.01,stopped,-8.0,stopped,-5.01,stopped,-8.0
1102,2024-08-27,44.9,39.75,46.0,43.28,3.76,42.65,41.31,46.0,47.38,neither,2.0,neither,2.0,neither,2.0,neither,2.0
1102,2025-03-04,43.7,39.75,44.25,41.47,5.38,41.52,41.52,44.25,45.58,target,1.26,target,1.26,target,4.3,target,4.3
1102,2025-11-25,37.85,35.0,38.4,36.85,2.71,35.96,34.82,38.4,39.55,target,1.45,target,1.45,stopped,-4.99,neither,-3.96
1102,2026-04-22,35.65,34.2,37.3,35.24,1.16,33.69,32.8,37.3,38.42,neither,-1.96,neither,-1.96,neither,-1.96,neither,-1.96
1102,2026-06-29,35.45,33.5,36.5,35.0,1.28,33.68,32.61,36.5,37.59,target,2.96,target,2.96,stopped,-4.99,stopped,-8.01
2105,2022-09-16,39.5,34.0,39.5,35.55,11.11,37.52,38.31,42.66,43.94,stopped,-5.01,stopped,-3.01,stopped,-5.01,stopped,-3.01
2105,2022-12-15,34.5,33.35,39.05,34.36,0.41,32.85,31.74,39.05,40.22,neither,-0.87,neither,-0.87,neither,-0.87,neither,-0.87
2105,2023-03-08,34.9,33.75,35.25,34.39,1.47,33.24,32.11,35.25,36.31,target,1.0,target,1.0,target,4.04,target,4.04
2105,2023-09-12,41.8,36.9,42.05,39.19,6.67,39.71,39.71,42.05,43.31,target,0.6,target,0.6,target,3.61,target,3.61
2105,2024-02-27,46.3,42.9,47.9,45.33,2.14,43.98,42.6,47.9,49.34,target,3.46,target,3.46,target,6.57,target,6.57
2105,2024-09-02,50.0,44.15,53.5,48.47,3.16,47.5,46.0,53.5,55.11,stopped,-5.0,neither,3.0,stopped,-5.0,neither,3.0
2105,2024-11-29,50.6,45.2,55.0,49.07,3.12,48.07,46.55,55.0,56.65,neither,-2.67,neither,-2.67,neither,-2.67,neither,-2.67
2105,2025-02-18,51.6,48.9,55.0,50.47,2.24,49.02,47.47,55.0,56.65,neither,-1.36,neither,-1.36,neither,-1.36,neither,-1.36
2105,2025-05-09,51.8,48.05,52.7,50.25,3.07,49.21,47.66,52.7,54.28,target,1.74,target,1.74,stopped,-5.0,stopped,-7.99
2105,2026-04-09,31.95,28.1,32.2,30.4,5.08,30.35,30.35,32.2,33.17,target,0.78,target,0.78,target,3.82,target,3.82
9910,2022-11-16,185.5,155.0,187.0,167.88,10.5,176.22,179.94,187.0,192.61,target,0.81,stopped,-3.0,target,3.83,stopped,-3.0
9910,2024-09-19,147.5,135.0,165.5,141.82,4.0,140.12,135.7,165.5,165.5,stopped,-5.0,neither,-4.07,stopped,-5.0,neither,-4.07
9910,2025-03-14,133.0,120.0,144.0,132.93,0.06,126.35,122.36,144.0,148.32,stopped,-5.0,stopped,-8.0,stopped,-5.0,stopped,-8.0
9910,2025-05-28,120.5,106.5,139.5,119.5,0.84,114.47,110.86,139.5,143.69,stopped,-5.0,stopped,-8.0,stopped,-5.0,stopped,-8.0
9910,2025-08-06,121.0,116.5,127.0,120.08,0.77,114.75,111.32,127.0,127.0,target,4.96,target,4.96,target,4.96,target,4.96
9910,2025-10-09,135.0,111.0,136.0,119.95,12.55,128.25,130.95,136.0,140.08,stopped,-5.0,stopped,-3.0,stopped,-5.0,stopped,-3.0
9910,2026-06-12,91.9,66.4,99.0,76.35,20.37,87.31,89.14,99.0,101.97,stopped,-4.99,stopped,-3.0,stopped,-4.99,stopped,-3.0
2354,2022-11-22,50.0,44.8,51.0,47.52,5.21,47.5,47.5,51.0,52.53,target,2.0,target,2.0,target,5.06,target,5.06
2354,2023-04-18,54.8,52.1,57.0,54.61,0.34,51.32,50.42,57.0,58.71,neither,-2.37,neither,-2.37,neither,-2.37,neither,-2.37
2354,2023-06-07,55.3,51.6,56.5,54.07,2.27,52.53,50.88,56.5,58.2,target,2.17,target,2.17,target,5.24,target,5.24
2354,2023-09-13,56.5,53.8,60.5,55.7,1.44,52.99,51.98,60.5,62.32,target,7.08,target,7.08,target,10.3,target,10.3
2354,2024-03-18,55.4,48.8,60.8,51.45,7.68,52.63,52.63,60.8,62.62,target,9.75,target,9.75,target,13.03,target,13.03
2354,2024-10-14,65.6,61.7,71.9,65.28,0.49,62.32,60.35,71.9,74.06,target,9.6,target,9.6,target,12.9,target,12.9
2354,2025-06-16,64.4,57.5,71.2,60.68,6.13,61.18,61.18,71.2,73.34,stopped,-5.0,stopped,-5.0,stopped,-5.0,stopped,-5.0
2354,2026-05-12,62.5,50.4,65.3,54.96,13.72,59.38,60.62,65.3,67.26,stopped,-4.99,stopped,-3.01,stopped,-4.99,stopped,-3.01
2357,2022-11-22,261.0,229.5,261.5,243.85,7.03,247.95,247.95,261.5,269.35,target,0.19,target,0.19,target,3.2,target,3.2
2357,2023-04-28,282.5,268.5,293.0,275.9,2.39,264.47,259.9,293.0,301.79,target,3.72,target,3.72,target,6.83,target,6.83
2357,2023-11-27,377.0,337.0,409.0,369.8,1.95,358.15,346.84,409.0,421.27,target,8.49,target,8.49,target,11.74,target,11.74
2357,2024-05-15,498.0,406.5,517.0,442.23,12.61,473.1,483.06,517.0,532.51,target,3.82,target,3.82,target,6.93,stopped,-3.0
2357,2024-08-26,546.0,422.0,564.0,494.8,10.35,518.7,529.62,564.0,580.92,stopped,-5.0,stopped,-3.0,stopped,-5.0,stopped,-3.0
2357,2025-05-23,622.0,555.0,704.0,605.6,2.71,590.9,572.24,704.0,725.12,target,13.18,target,13.18,neither,9.0,neither,9.0
2357,2025-08-08,680.0,623.0,745.0,653.2,4.1,646.0,625.6,745.0,767.35,stopped,-5.0,stopped,-8.0,stopped,-5.0,stopped,-8.0
2357,2025-09-17,673.0,615.0,714.0,649.2,3.67,639.35,619.16,714.0,735.42,target,6.09,target,6.09,neither,1.93,neither,1.93
2357,2026-03-17,593.0,493.0,608.0,536.05,10.62,563.35,575.21,608.0,626.24,stopped,-5.0,stopped,-3.0,stopped,-5.0,stopped,-3.0
2377,2022-11-14,122.5,107.0,125.5,113.6,7.83,116.38,116.38,125.5,129.27,target,2.45,target,2.45,target,5.53,target,5.53
2377,2023-11-15,168.0,154.0,178.0,166.72,0.76,159.6,154.56,178.0,183.34,target,5.95,target,5.95,target,9.13,target,9.13
2377,2024-05-29,197.5,158.0,210.0,172.97,14.18,187.62,191.57,210.0,216.3,stopped,-5.0,stopped,-3.0,stopped,-5.0,stopped,-3.0
2377,2024-10-16,177.5,168.0,186.5,173.35,2.39,168.62,163.3,186.5,192.09,target,5.07,target,5.07,stopped,-5.0,neither,-3.66
2377,2024-12-31,183.5,168.5,191.5,176.68,3.86,174.32,168.82,191.5,197.25,target,4.36,target,4.36,target,7.49,target,7.49
2377,2025-06-25,142.5,132.0,172.0,141.62,0.62,135.38,131.1,172.0,177.16,neither,0.7,neither,0.7,neither,0.7,neither,0.7
2377,2026-05-04,95.1,87.0,106.0,93.03,2.23,90.34,87.49,106.0,109.18,target,11.46,target,11.46,target,14.81,target,14.81
2385,2022-11-29,82.8,78.8,84.3,81.24,1.92,77.62,76.18,84.3,86.83,target,1.81,target,1.81,target,4.87,target,4.87
2385,2023-07-27,107.5,97.4,108.0,101.26,6.16,102.12,102.12,108.0,111.24,target,0.47,target,0.47,target,3.48,target,3.48
2385,2024-03-05,204.5,158.5,205.0,177.38,15.29,194.27,198.36,205.0,211.15,target,0.24,target,0.24,target,3.25,target,3.25
2385,2024-09-20,162.5,153.0,176.0,161.7,0.49,154.38,149.5,176.0,181.28,neither,0.31,neither,0.31,neither,0.31,neither,0.31
2385,2025-02-03,155.5,149.0,166.5,153.62,1.22,146.76,143.06,166.5,171.5,neither,3.86,neither,3.86,neither,3.86,neither,3.86
2385,2025-05-23,169.0,147.5,177.5,160.82,5.08,160.55,160.55,177.5,182.83,stopped,-5.0,stopped,-5.0,stopped,-5.0,stopped,-5.0
2385,2025-09-03,136.0,132.5,159.5,135.18,0.61,130.51,125.12,159.5,164.28,neither,-0.37,neither,-0.37,neither,-0.37,neither,-0.37
2385,2026-02-05,119.0,115.0,130.0,118.05,0.8,113.27,109.48,130.0,133.9,neither,3.78,neither,3.78,neither,3.78,neither,3.78
2395,2022-11-25,317.5,269.0,327.5,306.82,3.48,301.62,292.1,327.5,337.32,target,3.15,target,3.15,target,6.24,target,6.24
2395,2023-11-27,345.5,321.5,359.0,343.15,0.68,328.22,317.86,359.0,369.77,target,3.91,target,3.91,target,7.02,target,7.02
2395,2024-02-23,380.0,329.5,400.0,357.93,6.17,361.0,361.0,400.0,412.0,target,5.26,target,5.26,target,8.42,target,8.42
2395,2024-07-01,368.0,349.0,395.5,365.23,0.76,349.6,338.56,395.5,407.37,stopped,-5.0,neither,-5.84,stopped,-5.0,neither,-5.84
2395,2024-11-25,349.5,298.0,359.0,328.9,6.26,332.02,332.02,359.0,369.77,target,2.72,target,2.72,neither,0.57,neither,0.57
2395,2025-07-01,340.0,322.5,359.5,339.93,0.02,323.0,312.8,359.5,359.5,neither,-2.06,neither,-2.06,neither,-2.06,neither,-2.06
2395,2025-09-12,344.0,310.0,377.0,333.7,3.09,326.8,316.48,377.0,388.31,stopped,-5.0,stopped,-8.0,stopped,-5.0,stopped,-8.0
2395,2026-01-29,305.0,274.5,315.5,288.35,5.77,289.75,289.75,315.5,324.97,stopped,-5.0,stopped,-5.0,stopped,-5.0,stopped,-5.0
3231,2022-11-24,27.35,25.2,27.95,26.96,1.45,25.98,25.16,27.95,28.79,target,2.19,target,2.19,target,5.27,target,5.27
3231,2024-01-10,94.5,90.9,104.0,94.41,0.1,89.54,86.94,104.0,107.12,target,10.05,target,10.05,target,13.35,target,13.35
3231,2024-10-08,102.0,94.0,114.0,100.72,1.27,96.9,93.84,114.0,117.42,target,11.76,target,11.76,target,15.12,target,15.12
3231,2025-02-26,115.0,99.0,126.0,109.78,4.76,109.25,105.8,126.0,129.78,stopped,-5.0,stopped,-8.0,stopped,-5.0,stopped,-8.0
3231,2025-05-14,114.5,98.6,118.0,104.55,9.52,108.77,108.77,118.0,121.54,target,3.06,target,3.06,neither,1.75,neither,1.75
3231,2025-09-30,140.5,109.0,140.5,119.75,17.33,133.47,136.28,151.74,156.29,target,8.0,target,8.0,target,11.24,target,11.24
3231,2026-04-23,139.5,122.5,146.0,132.35,5.4,132.53,132.53,146.0,150.38,target,4.66,target,4.66,stopped,-5.0,stopped,-5.0
2301,2022-11-17,67.5,63.5,69.6,65.99,2.3,64.12,62.1,69.6,71.69,stopped,-5.01,stopped,-8.0,stopped,-5.01,stopped,-8.0
2301,2023-02-06,68.3,62.8,68.9,65.47,4.32,64.88,62.84,68.9,70.97,target,0.88,target,0.88,target,3.91,target,3.91
2301,2023-12-25,116.5,106.0,128.0,111.72,4.27,110.67,107.18,128.0,131.84,stopped,-5.0,stopped,-8.0,stopped,-5.0,stopped,-8.0
2301,2024-03-20,123.0,106.0,124.0,112.2,9.63,116.85,116.85,124.0,127.72,target,0.81,target,0.81,stopped,-5.0,stopped,-5.0
2301,2024-06-03,110.5,97.5,126.0,106.46,3.8,104.97,101.66,126.0,129.78,stopped,-5.0,neither,-0.45,stopped,-5.0,neither,-0.45
2301,2024-11-08,105.0,99.0,110.0,103.35,1.6,99.75,96.6,110.0,113.3,target,4.76,target,4.76,neither,-0.48,neither,-0.48
2301,2025-02-03,107.5,99.2,111.0,103.5,3.86,102.12,98.9,111.0,114.33,target,3.26,target,3.26,neither,1.4,neither,1.4
2301,2025-05-22,102.5,89.6,113.0,99.21,3.32,97.38,94.3,113.0,116.39,neither,4.39,neither,4.39,neither,4.39,neither,4.39
2301,2026-01-16,166.0,153.0,197.0,164.15,1.13,157.7,152.72,197.0,202.91,neither,16.57,neither,16.57,neither,16.57,neither,16.57
2301,2026-05-05,171.0,141.5,200.0,164.0,4.27,162.45,157.32,200.0,206.0,target,16.96,target,16.96,target,20.47,target,20.47
2324,2022-12-05,21.85,20.7,23.15,21.62,1.09,20.76,20.1,23.15,23.84,target,5.95,target,5.95,neither,6.18,neither,6.18
2324,2023-12-01,30.35,29.15,32.2,30.31,0.15,28.71,27.92,32.2,33.17,target,6.1,target,6.1,target,9.29,target,9.29
2324,2024-05-27,39.3,34.85,40.4,36.84,6.67,37.33,37.33,40.4,41.61,stopped,-5.01,stopped,-5.01,stopped,-5.01,stopped,-5.01
2324,2024-09-19,33.75,31.0,35.75,33.16,1.79,32.06,31.05,35.75,36.82,target,5.93,target,5.93,neither,7.26,neither,7.26
2324,2025-02-20,38.6,35.85,40.25,37.54,2.84,36.67,35.51,40.25,41.46,stopped,-5.0,neither,-4.27,stopped,-5.0,neither,-4.27
2324,2025-06-25,28.3,26.95,34.3,28.22,0.27,26.55,26.04,34.3,34.3,neither,4.42,neither,4.42,neither,4.42,neither,4.42
2324,2025-09-24,34.5,26.7,34.5,29.19,18.18,32.77,33.46,37.26,38.38,target,8.0,target,8.0,stopped,-5.01,stopped,-3.01
2324,2026-01-20,32.6,29.55,36.3,30.71,6.16,30.97,30.97,36.3,37.39,stopped,-5.0,stopped,-5.0,stopped,-5.0,stopped,-5.0
2324,2026-05-29,36.7,27.5,36.85,30.75,19.34,34.87,35.6,36.85,37.96,target,0.41,target,0.41,target,3.43,target,3.43
3711,2022-11-16,93.6,73.8,94.2,82.74,13.13,88.92,90.79,94.2,97.03,target,0.64,target,0.64,target,3.66,target,3.66
3711,2023-06-01,112.0,102.0,114.5,107.12,4.55,106.4,103.04,114.5,117.94,target,2.23,target,2.23,target,5.3,target,5.3
3711,2023-09-12,115.5,104.0,127.5,114.52,0.85,109.72,106.26,127.5,131.33,stopped,-5.0,neither,0.87,stopped,-5.0,neither,0.87
3711,2024-05-30,158.5,145.5,177.0,154.0,2.92,150.57,145.82,177.0,182.31,target,11.67,target,11.67,neither,6.31,neither,6.31
3711,2024-10-14,158.0,141.0,188.0,153.6,2.86,150.1,145.36,188.0,193.64,stopped,-5.0,stopped,-8.0,stopped,-5.0,stopped,-8.0
3711,2024-12-24,164.5,146.0,173.0,157.3,4.58,156.28,151.34,173.0,178.19,target,5.17,target,5.17,target,8.32,target,8.32
3711,2025-06-10,142.5,133.0,164.0,142.25,0.18,135.38,131.1,164.0,168.92,neither,0.35,neither,0.35,neither,0.35,neither,0.35
3711,2025-09-03,157.0,143.0,160.5,149.42,5.07,149.15,149.15,160.5,165.31,target,2.23,target,2.23,target,5.29,target,5.29
6505,2022-11-14,85.1,76.1,87.0,81.76,4.09,80.84,78.29,87.0,89.61,stopped,-5.01,neither,-4.7,stopped,-5.01,neither,-4.7
6505,2023-02-13,82.8,79.6,86.9,82.47,0.4,78.41,76.18,86.9,89.51,neither,-0.72,neither,-0.72,neither,-0.72,neither,-0.72
6505,2023-09-20,81.5,78.8,86.2,80.85,0.8,77.62,74.98,86.2,88.79,neither,-1.84,neither,-1.84,neither,-1.84,neither,-1.84
6505,2023-11-07,81.5,78.7,83.5,80.46,1.3,77.52,74.98,83.5,86.0,target,2.45,target,2.45,neither,1.6,neither,1.6
6505,2023-11-17,83.7,78.7,84.4,80.66,3.76,79.52,77.0,84.4,86.93,target,0.84,target,0.84,neither,0.12,neither,0.12
6505,2024-04-30,72.2,69.0,76.4,72.16,0.06,67.97,66.42,76.4,78.69,stopped,-5.86,neither,-5.54,stopped,-5.86,neither,-5.54
6505,2025-03-03,38.9,33.2,43.5,36.94,5.31,36.95,36.95,43.5,44.8,stopped,-5.01,stopped,-5.01,stopped,-5.01,stopped,-5.01
6505,2025-05-21,39.5,34.65,41.05,37.78,4.56,37.52,36.34,41.05,42.28,stopped,-5.01,stopped,-8.0,stopped,-5.01,stopped,-8.0
6505,2025-07-30,43.25,34.9,43.25,38.31,12.89,41.09,41.95,46.71,48.11,stopped,-4.99,stopped,-3.01,stopped,-4.99,stopped,-3.01
6505,2025-10-20,43.85,38.35,44.6,40.64,7.89,41.66,41.66,44.6,45.94,target,1.71,target,1.71,target,4.77,target,4.77
6505,2026-02-25,56.0,45.75,57.0,50.17,11.61,53.2,54.32,57.0,58.71,stopped,-5.0,stopped,-3.0,stopped,-5.0,stopped,-3.0
6505,2026-06-25,55.9,49.15,58.4,53.36,4.75,53.1,51.43,58.4,60.15,stopped,-5.01,target,4.47,stopped,-5.01,target,7.6
2207,2022-11-15,621.0,546.0,621.0,586.6,5.86,589.95,589.95,670.68,690.8,neither,-3.54,neither,-3.54,neither,-3.54,neither,-3.54
2207,2023-01-31,656.0,574.0,664.0,613.0,7.01,623.2,623.2,664.0,683.92,target,1.22,target,1.22,stopped,-5.0,stopped,-5.0
2207,2023-04-14,660.0,593.0,666.0,626.05,5.42,627.0,627.0,666.0,685.98,target,0.91,target,0.91,target,3.94,target,3.94
2207,2023-11-24,694.0,600.0,710.0,655.35,5.9,659.3,659.3,710.0,731.3,target,2.31,target,2.31,neither,-1.01,neither,-1.01
2207,2024-06-24,635.0,599.0,660.0,623.95,1.77,603.25,584.2,660.0,679.8,neither,0.63,neither,0.63,neither,0.63,neither,0.63
2207,2025-04-01,613.0,582.0,635.0,608.9,0.67,582.35,563.96,635.0,635.0,stopped,-5.0,stopped,-8.0,stopped,-5.0,stopped,-8.0
2207,2025-05-08,637.0,563.0,652.0,608.6,4.67,605.15,586.04,652.0,671.56,target,2.35,target,2.35,stopped,-5.0,stopped,-8.0
2207,2025-09-08,571.0,546.0,589.0,560.05,1.96,537.81,525.32,589.0,606.67,target,3.15,target,3.15,target,6.25,target,6.25
9904,2022-11-17,32.35,27.25,32.85,28.85,12.13,30.73,31.38,32.85,33.84,target,1.55,target,1.55,neither,2.94,stopped,-3.0
9904,2023-11-08,29.7,28.6,30.95,29.17,1.82,28.17,27.32,30.95,31.88,target,4.21,target,4.21,neither,4.55,neither,4.55
9904,2024-03-19,33.45,29.95,33.8,31.15,7.38,31.78,31.78,33.8,34.81,target,1.05,target,1.05,target,4.07,target,4.07
9904,2024-10-07,36.25,33.45,37.95,35.0,3.56,34.44,33.35,37.95,39.09,target,4.69,target,4.69,target,7.83,target,7.83
9904,2025-09-30,28.85,27.95,29.75,28.56,1.02,27.53,26.54,29.75,30.64,target,3.12,target,3.12,neither,1.56,neither,1.56
2201,2022-10-25,44.3,40.25,46.45,42.27,4.8,42.08,40.76,46.45,47.84,target,4.85,target,4.85,target,7.99,target,7.99
2201,2023-09-14,83.8,73.9,88.7,80.4,4.24,79.61,77.1,88.7,91.36,stopped,-5.0,target,5.85,stopped,-5.0,target,9.02
2201,2024-05-08,76.3,66.6,76.3,69.63,9.58,72.48,72.48,82.4,84.88,stopped,-5.01,stopped,-5.01,stopped,-5.01,stopped,-5.01
2201,2025-09-24,35.0,31.65,36.35,33.78,3.6,33.25,32.2,36.35,37.44,stopped,-5.0,stopped,-8.0,stopped,-5.0,stopped,-8.0
2201,2025-11-17,39.05,30.9,43.35,34.04,14.72,37.1,37.88,43.35,44.65,stopped,-4.99,stopped,-3.0,stopped,-4.99,stopped,-3.0
2201,2026-06-05,28.7,26.15,29.85,27.44,4.6,27.26,26.4,29.85,30.75,stopped,-5.02,neither,2.09,stopped,-5.02,neither,2.09
2618,2022-09-01,33.65,30.95,34.8,32.23,4.41,31.97,30.96,34.8,35.84,target,3.42,target,3.42,target,6.51,target,6.51
2618,2022-12-12,28.05,25.55,36.2,27.01,3.84,26.65,25.81,36.2,37.29,neither,0.89,neither,0.89,neither,0.89,neither,0.89
2618,2023-05-22,30.7,25.1,30.85,27.45,11.84,29.16,29.78,30.85,31.78,target,0.49,target,0.49,target,3.52,target,3.52
2618,2023-11-23,32.2,27.3,32.7,29.92,7.63,30.59,30.59,32.7,33.68,target,1.55,target,1.55,stopped,-5.0,stopped,-5.0
2618,2024-04-02,31.95,30.9,33.85,31.64,0.99,30.44,29.39,33.85,34.87,target,5.95,target,5.95,target,9.14,target,9.14
2618,2024-09-16,35.9,34.3,39.35,35.2,1.97,33.79,33.03,39.35,40.53,neither,3.9,neither,3.9,neither,3.9,neither,3.9
2618,2025-05-23,42.4,38.05,45.7,41.81,1.42,40.28,39.01,45.7,47.07,stopped,-5.0,stopped,-8.0,stopped,-5.0,stopped,-8.0
2618,2025-09-02,39.45,38.3,41.6,39.2,0.64,37.73,36.29,41.6,42.85,stopped,-4.36,neither,-4.18,stopped,-4.36,neither,-4.18
2618,2026-01-06,36.3,33.9,38.8,35.9,1.12,34.48,33.4,38.8,39.96,target,6.89,target,6.89,neither,4.82,neither,4.82
2618,2026-05-27,34.8,33.4,36.7,34.72,0.22,32.9,32.02,36.7,37.8,target,5.46,target,5.46,target,8.62,target,8.62
2610,2022-12-15,19.6,16.9,23.15,18.29,7.18,18.62,18.62,23.15,23.84,stopped,-5.0,stopped,-5.0,stopped,-5.0,stopped,-5.0
2610,2023-05-29,21.65,18.75,21.8,19.64,10.22,20.57,21.0,21.8,22.45,target,0.69,target,0.69,target,3.7,target,3.7
2610,2024-04-30,20.95,19.05,22.2,19.91,5.24,19.9,19.9,22.2,22.87,target,5.97,target,5.97,target,9.16,target,9.16
2610,2024-10-17,21.55,20.3,23.15,21.18,1.73,20.47,19.83,23.15,23.84,target,7.42,target,7.42,target,10.63,target,10.63
2610,2025-06-04,22.6,22.0,25.35,22.5,0.43,21.67,20.79,25.35,26.11,stopped,-4.12,stopped,-8.01,stopped,-4.12,stopped,-8.01
2610,2025-09-05,21.65,20.8,22.35,21.31,1.61,20.49,19.92,22.35,23.02,stopped,-5.36,neither,-4.85,stopped,-5.36,neither,-4.85
2610,2026-01-07,20.75,18.5,21.25,19.88,4.4,19.71,19.09,21.25,21.89,target,2.41,target,2.41,target,5.49,target,5.49
2610,2026-05-28,18.6,17.9,19.75,18.48,0.65,17.63,17.11,19.75,20.34,target,6.18,target,6.18,target,9.35,target,9.35
5871,2022-11-30,201.5,149.0,205.0,180.97,11.34,191.42,195.45,205.0,211.15,target,1.74,target,1.74,target,4.79,target,4.79
5871,2023-11-28,185.0,172.0,187.0,178.65,3.55,175.75,170.2,187.0,192.61,stopped,-5.0,target,1.08,stopped,-5.0,neither,2.16
5871,2024-10-08,163.0,136.0,167.0,149.47,9.05,154.85,154.85,167.0,172.01,stopped,-5.0,stopped,-5.0,stopped,-5.0,stopped,-5.0
5871,2025-02-19,127.5,110.5,129.0,118.85,7.28,121.12,121.12,129.0,132.87,target,1.18,target,1.18,stopped,-5.0,stopped,-5.0
5871,2025-05-21,127.5,111.0,130.0,119.33,6.85,121.12,121.12,130.0,133.9,target,1.96,target,1.96,stopped,-5.0,stopped,-5.0
5871,2025-12-29,108.5,99.5,112.5,104.42,3.9,103.07,99.82,112.5,115.88,stopped,-5.0,neither,-2.3,stopped,-5.0,neither,-2.3
5871,2026-04-01,109.0,97.1,113.5,105.5,3.32,103.55,100.28,113.5,116.91,target,4.13,target,4.13,target,7.26,target,7.26
5871,2026-06-11,123.0,106.0,123.0,112.62,9.21,116.85,116.85,132.84,136.83,stopped,-5.0,stopped,-5.0,stopped,-5.0,stopped,-5.0
2049,2022-11-28,183.5,164.5,202.0,178.53,2.79,174.32,168.82,202.0,208.06,neither,-1.36,neither,-1.36,neither,-1.36,neither,-1.36
2049,2023-11-17,210.5,195.0,213.0,203.4,3.49,199.97,193.66,213.0,219.39,target,1.19,target,1.19,target,4.22,target,4.22
2049,2024-02-23,255.0,210.5,265.0,227.7,11.99,242.25,247.35,265.0,272.95,stopped,-5.0,stopped,-3.0,stopped,-5.0,stopped,-3.0
2049,2024-10-09,218.5,193.0,230.5,208.5,4.8,207.57,201.02,230.5,237.41,target,5.49,target,5.49,target,8.65,target,8.65
2049,2025-09-17,216.0,202.5,229.0,211.43,2.16,205.2,198.72,229.0,235.87,target,6.02,target,6.02,neither,-2.31,neither,-2.31
2049,2026-01-20,233.5,192.5,237.5,203.18,14.93,221.82,226.5,237.5,244.62,target,1.71,target,1.71,target,4.76,target,4.76
6415,2022-11-28,478.5,375.5,535.0,450.07,6.32,454.57,454.57,535.0,551.05,stopped,-5.0,stopped,-5.0,stopped,-5.0,stopped,-5.0
6415,2023-11-07,316.0,271.0,342.0,299.75,5.42,300.2,300.2,342.0,352.26,target,8.23,target,8.23,target,11.47,target,11.47
6415,2024-05-07,410.0,319.0,438.0,380.18,7.85,389.5,389.5,438.0,451.14,target,6.83,target,6.83,target,10.03,target,10.03
6415,2024-10-07,557.0,388.0,557.0,442.2,25.96,529.15,540.29,601.56,619.61,stopped,-5.0,stopped,-3.0,stopped,-5.0,stopped,-3.0
6415,2025-02-26,448.5,354.0,478.0,409.45,9.54,426.07,426.07,478.0,492.34,stopped,-5.0,stopped,-5.0,stopped,-5.0,stopped,-5.0
6415,2025-04-14,426.0,317.5,478.0,409.6,4.0,404.7,391.92,478.0,478.0,stopped,-5.0,stopped,-8.0,stopped,-5.0,stopped,-8.0
6415,2026-01-19,238.5,183.5,241.5,208.22,14.54,226.57,231.34,241.5,248.75,target,1.26,target,1.26,target,4.3,target,4.3
3653,2022-11-24,384.0,341.0,419.0,375.8,2.18,364.8,353.28,419.0,431.57,neither,-2.99,neither,-2.99,neither,-2.99,neither,-2.99
3653,2023-02-07,410.5,360.5,419.0,385.02,6.62,389.97,389.97,419.0,431.57,stopped,-5.0,stopped,-5.0,stopped,-5.0,stopped,-5.0
3653,2023-09-07,646.0,572.0,697.0,623.35,3.63,613.7,594.32,697.0,717.91,stopped,-5.0,stopped,-8.0,stopped,-5.0,stopped,-8.0
3653,2023-12-07,640.0,562.0,674.0,614.05,4.23,608.0,588.8,674.0,694.22,target,5.31,target,5.31,target,8.47,target,8.47
3653,2025-05-21,1310.0,891.0,1380.0,1122.0,16.76,1244.5,1270.7,1380.0,1421.4,target,5.34,stopped,-3.0,target,8.5,stopped,-3.0
3653,2025-08-19,1660.0,1265.0,1780.0,1446.25,14.78,1577.0,1610.2,1780.0,1833.4,stopped,-5.0,stopped,-3.0,stopped,-5.0,stopped,-3.0
3653,2025-11-24,2605.0,1940.0,2680.0,2308.75,12.83,2474.75,2526.85,2680.0,2760.4,target,2.88,target,2.88,target,5.97,target,5.97
3653,2026-02-09,3145.0,2300.0,3175.0,2730.25,15.19,2987.75,3050.65,3175.0,3270.25,target,0.95,target,0.95,target,3.98,target,3.98
3661,2022-08-25,841.0,608.0,939.0,718.2,17.1,798.95,815.77,939.0,967.17,stopped,-5.0,stopped,-3.0,stopped,-5.0,stopped,-3.0
3661,2022-11-28,890.0,639.0,1005.0,818.9,8.68,845.5,845.5,1005.0,1035.15,stopped,-5.0,stopped,-5.0,stopped,-5.0,stopped,-5.0
3661,2023-02-03,943.0,731.0,960.0,845.05,11.59,895.85,914.71,960.0,988.8,target,1.8,stopped,-3.0,target,4.86,stopped,-3.0
3661,2024-11-22,2355.0,1860.0,2750.0,2231.0,5.56,2237.25,2237.25,2750.0,2832.5,stopped,-5.0,stopped,-5.0,stopped,-5.0,stopped,-5.0
3661,2025-05-28,2855.0,2125.0,3165.0,2608.5,9.45,2712.25,2712.25,3165.0,3259.95,stopped,-5.0,stopped,-5.0,stopped,-5.0,stopped,-5.0
3661,2026-01-06,3735.0,3000.0,3825.0,3314.0,12.7,3548.25,3622.95,3825.0,3939.75,stopped,-5.0,stopped,-3.0,stopped,-5.0,stopped,-3.0
3661,2026-03-02,3440.0,3040.0,3825.0,3338.0,3.06,3268.0,3164.8,3825.0,3939.75,stopped,-5.0,stopped,-8.0,stopped,-5.0,stopped,-8.0
3661,2026-04-27,4160.0,2480.0,4380.0,3285.75,26.61,3952.0,4035.2,4380.0,4511.4,stopped,-5.0,stopped,-3.0,stopped,-5.0,stopped,-3.0
6669,2022-08-29,763.0,662.0,918.0,741.15,2.95,724.85,701.96,918.0,945.54,stopped,-5.0,neither,3.01,stopped,-5.0,neither,3.01
6669,2022-11-17,868.0,610.0,878.0,774.6,12.06,824.6,841.96,878.0,904.34,target,1.15,target,1.15,target,4.19,target,4.19
6669,2023-03-01,940.0,750.0,998.0,844.9,11.26,893.0,911.8,998.0,1027.94,target,6.17,stopped,-3.0,target,9.36,stopped,-3.0
6669,2023-10-27,1645.0,1425.0,1875.0,1579.25,4.16,1562.75,1513.4,1875.0,1931.25,stopped,-5.0,stopped,-8.0,stopped,-5.0,stopped,-8.0
6669,2024-10-24,1985.0,1700.0,2205.0,1871.0,6.09,1885.75,1885.75,2205.0,2271.15,stopped,-5.0,stopped,-5.0,stopped,-5.0,stopped,-5.0
6669,2025-05-09,2200.0,1705.0,2300.0,1948.25,12.92,2090.0,2134.0,2300.0,2369.0,target,4.55,target,4.55,target,7.68,target,7.68
6669,2026-04-28,4800.0,3290.0,5045.0,3871.25,23.99,4560.0,4656.0,5045.0,5196.35,target,5.1,stopped,-3.0,target,8.26,stopped,-3.0
2360,2022-11-23,185.0,168.0,208.5,183.35,0.9,175.75,170.2,208.5,214.75,stopped,-5.0,neither,-4.05,stopped,-5.0,neither,-4.05
2360,2023-01-13,186.5,173.5,206.0,183.65,1.55,177.17,171.58,206.0,212.18,neither,4.56,neither,4.56,neither,4.56,neither,4.56
2360,2023-02-02,191.5,177.0,206.0,185.2,3.4,181.92,176.18,206.0,212.18,stopped,-5.0,stopped,-8.0,stopped,-5.0,stopped,-8.0
2360,2023-05-09,190.5,172.0,198.0,181.38,5.03,180.97,180.97,198.0,203.94,target,3.94,target,3.94,target,7.06,target,7.06
2360,2024-01-18,214.0,203.0,234.0,212.43,0.74,203.3,196.88,234.0,241.02,stopped,-5.0,stopped,-8.0,stopped,-5.0,stopped,-8.0
2360,2024-02-23,239.0,195.0,251.0,212.07,12.7,227.05,231.83,251.0,258.53,stopped,-5.0,stopped,-3.0,stopped,-5.0,stopped,-3.0
2360,2024-09-02,332.0,255.0,345.5,312.18,6.35,315.4,315.4,345.5,355.87,stopped,-5.0,stopped,-5.0,stopped,-5.0,stopped,-5.0
2360,2025-05-19,329.0,255.0,354.0,304.93,7.9,312.55,312.55,354.0,364.62,target,7.6,target,7.6,neither,8.51,neither,8.51
2059,2023-02-23,404.0,385.5,427.5,398.9,1.28,379.72,371.68,427.5,440.32,stopped,-6.01,stopped,-8.0,stopped,-6.01,stopped,-8.0
2059,2023-04-20,423.0,371.0,435.5,395.38,6.99,401.85,401.85,435.5,448.56,stopped,-5.0,stopped,-5.0,stopped,-5.0,stopped,-5.0
2059,2023-11-29,880.0,698.0,941.0,836.65,5.18,836.0,836.0,941.0,969.23,stopped,-5.0,stopped,-5.0,stopped,-5.0,stopped,-5.0
2059,2024-07-05,1375.0,1140.0,1375.0,1225.75,12.18,1306.25,1333.75,1485.0,1529.55,stopped,-5.0,stopped,-3.0,stopped,-5.0,stopped,-3.0
2059,2024-11-07,1430.0,1025.0,1430.0,1190.75,20.09,1358.5,1387.1,1544.4,1590.73,stopped,-5.0,stopped,-3.0,stopped,-5.0,stopped,-3.0
2059,2025-02-12,1655.0,1335.0,1665.0,1472.0,12.43,1572.25,1605.35,1665.0,1714.95,target,0.6,target,0.6,target,3.62,target,3.62
2059,2025-05-16,2020.0,1570.0,2085.0,1813.75,11.37,1919.0,1959.4,2085.0,2147.55,target,3.22,target,3.22,target,6.31,target,6.31
2059,2026-03-26,3615.0,2925.0,3835.0,3356.0,7.72,3434.25,3434.25,3835.0,3950.05,stopped,-5.0,stopped,-5.0,stopped,-5.0,stopped,-5.0
2474,2022-11-17,187.5,160.0,189.0,174.05,7.73,178.12,178.12,189.0,194.67,stopped,-5.0,stopped,-5.0,stopped,-5.0,stopped,-5.0
2474,2023-02-07,186.5,167.5,189.0,176.85,5.46,177.17,177.17,189.0,194.67,target,1.34,target,1.34,neither,-0.54,neither,-0.54
2474,2023-05-30,188.5,180.0,191.5,185.93,1.38,177.3,173.42,191.5,197.25,target,1.59,target,1.59,neither,-4.77,neither,-4.77
2474,2023-09-15,182.0,165.5,192.0,176.57,3.07,172.9,167.44,192.0,197.76,neither,1.37,neither,1.37,neither,1.37,neither,1.37
2474,2024-08-26,235.5,206.0,240.0,225.22,4.56,223.72,216.66,240.0,247.2,target,1.91,target,1.91,neither,-0.42,neither,-0.42
2474,2025-02-07,199.5,193.0,233.0,197.65,0.94,190.1,183.54,233.0,239.99,neither,3.51,neither,3.51,neither,3.51,neither,3.51
2474,2025-06-26,211.5,205.0,228.5,210.97,0.25,201.93,194.58,228.5,228.5,stopped,-4.52,neither,1.65,stopped,-4.52,neither,1.65
2474,2025-08-05,217.5,205.5,228.5,212.8,2.21,206.62,200.1,228.5,235.36,stopped,-5.0,stopped,-8.0,stopped,-5.0,stopped,-8.0
2474,2025-11-05,201.0,176.0,216.0,191.2,5.13,190.95,190.95,216.0,222.48,neither,1.49,neither,1.49,neither,1.49,neither,1.49
2474,2026-01-12,206.5,183.0,213.0,200.3,3.1,196.17,189.98,213.0,219.39,target,3.15,target,3.15,stopped,-5.0,neither,-5.33
2474,2026-04-22,210.5,184.0,227.0,195.78,7.52,199.97,199.97,227.0,233.81,target,7.84,target,7.84,target,11.07,target,11.07
