檔案,語言資料夾,html宣告lang,檢查類型,分類,問題內容,上下文
en\bonus-tax.html,英文,en,B-關鍵字疑似誤植,B-UK限定工具例外清單內,英文頁面出現英鎊符號,"...w""><span class=""input-prefix"">£</span><input type=""number"" id..."
en\bonus-tax.html,英文,en,B-關鍵字疑似誤植,B-UK限定工具例外清單內,英文頁面出現英鎊符號,...omeTaxAmount').textContent = '£' + incomeTaxAmount.toLocaleSt...
en\bonus-tax.html,英文,en,B-關鍵字疑似誤植,B-UK限定工具例外清單內,英文頁面出現英鎊符號,...uranceAmount').textContent = '£' + nationalInsuranceAmount.to...
en\bonus-tax.html,英文,en,B-關鍵字疑似誤植,B-UK限定工具例外清單內,英文頁面出現英鎊符號,...ntLoanAmount').textContent = '£' + studentLoanAmount.toLocale...
en\bonus-tax.html,英文,en,B-關鍵字疑似誤植,B-UK限定工具例外清單內,英文頁面出現英鎊符號,...ensionAmount').textContent = '£' + pensionAmount.toLocaleStri...
en\bonus-tax.html,英文,en,B-關鍵字疑似誤植,B-UK限定工具例外清單內,英文頁面出現英鎊符號,...alDeductions').textContent = '£' + totalDeductions.toLocaleSt...
en\bonus-tax.html,英文,en,B-關鍵字疑似誤植,B-UK限定工具例外清單內,英文頁面出現英鎊符號,...Id('netBonus').textContent = '£' + netBonus.toLocaleString('e...
en\bonus-tax.html,英文,en,B-關鍵字疑似誤植,B-UK限定工具例外清單內,英文頁面出現VAT（英國/歐盟增值稅用語，美式英文一般用sales tax）,"...tools/en/vat-calculator.html"">VAT & Sales Tax Calculator</a>   ..."
en\bonus-tax.html,英文,en,B-關鍵字疑似誤植,B-UK限定工具例外清單內,英文頁面出現「National Insurance」（英國國民保險，美式用語應為Social Security/payroll tax）,"...pe"": ""Question"", ""name"": ""Are National Insurance contributions different from ..."
en\bonus-tax.html,英文,en,B-關鍵字疑似誤植,B-UK限定工具例外清單內,英文頁面出現「National Insurance」（英國國民保險，美式用語應為Social Security/payroll tax）,"...ype"": ""Answer"", ""text"": ""Yes, National Insurance is separate from income tax a..."
en\bonus-tax.html,英文,en,B-關鍵字疑似誤植,B-UK限定工具例外清單內,英文頁面出現「National Insurance」（英國國民保險，美式用語應為Social Security/payroll tax）,"...bove that. Unlike income tax, National Insurance has fixed thresholds that don..."
en\bonus-tax.html,英文,en,B-關鍵字疑似誤植,B-UK限定工具例外清單內,英文頁面出現「National Insurance」（英國國民保險，美式用語應為Social Security/payroll tax）,"...label for=""nationalInsurance"">National Insurance Rate (%)</label>   <div class..."
en\bonus-tax.html,英文,en,B-關鍵字疑似誤植,B-UK限定工具例外清單內,英文頁面出現「National Insurance」（英國國民保險，美式用語應為Social Security/payroll tax）,"...m""><span class=""result-label"">National Insurance</span><span class=""result-val..."
en\bonus-tax.html,英文,en,B-關鍵字疑似誤植,B-UK限定工具例外清單內,英文頁面出現「National Insurance」（英國國民保險，美式用語應為Social Security/payroll tax）,...ed at the higher rate.</p><h2>National Insurance Contributions</h2><p>National...
en\bonus-tax.html,英文,en,B-關鍵字疑似誤植,B-UK限定工具例外清單內,英文頁面出現「National Insurance」（英國國民保險，美式用語應為Social Security/payroll tax）,...nsurance Contributions</h2><p>National Insurance is a separate tax that funds ...
en\bonus-tax.html,英文,en,B-關鍵字疑似誤植,B-UK限定工具例外清單內,英文頁面出現「National Insurance」（英國國民保險，美式用語應為Social Security/payroll tax）,...as earnings and is subject to National Insurance contributions. Unlike income ...
en\bonus-tax.html,英文,en,B-關鍵字疑似誤植,B-UK限定工具例外清單內,英文頁面出現「National Insurance」（英國國民保險，美式用語應為Social Security/payroll tax）,"...ributions. Unlike income tax, National Insurance thresholds are fixed and do n..."
en\bonus-tax.html,英文,en,B-關鍵字疑似誤植,B-UK限定工具例外清單內,英文頁面出現「National Insurance」（英國國民保險，美式用語應為Social Security/payroll tax）,"...-item""><div class=""faq-q"">Are National Insurance contributions different from ..."
en\bonus-tax.html,英文,en,B-關鍵字疑似誤植,B-UK限定工具例外清單內,英文頁面出現「National Insurance」（英國國民保險，美式用語應為Social Security/payroll tax）,"...</div><div class=""faq-a"">Yes, National Insurance is separate from income tax a..."
en\bonus-tax.html,英文,en,B-關鍵字疑似誤植,B-UK限定工具例外清單內,英文頁面出現「National Insurance」（英國國民保險，美式用語應為Social Security/payroll tax）,"...bove that. Unlike income tax, National Insurance has fixed thresholds that don..."
en\bonus-tax.html,英文,en,B-關鍵字疑似誤植,B-UK限定工具例外清單內,英文頁面出現「NHS」（英國國民保健署）,...curity benefits including the NHS. Employee contributions are t...
en\bonus-tax.html,英文,en,B-關鍵字疑似誤植,B-UK限定工具例外清單內,英文頁面出現「NHS」（英國國民保健署）,"...ecurity system, including the NHS and state pensions. Employee ..."
en\bonus-tax.html,英文,en,B-關鍵字疑似誤植,B-UK限定工具例外清單內,英文頁面出現「NHS」（英國國民保健署）,...curity benefits including the NHS. Employee contributions are t...
en\business-insurance.html,英文,en,B-關鍵字疑似誤植,C-拼字習慣待評估,英文頁面出現英式拼字「programme」,"...intain good employee training programmes, improve security measures, ..."
en\business-insurance.html,英文,en,B-關鍵字疑似誤植,C-拼字習慣待評估,英文頁面出現英式拼字「programme」,"...y measures, employee training programmes, and loss prevention initiat..."
en\business-insurance.html,英文,en,B-關鍵字疑似誤植,C-拼字習慣待評估,英文頁面出現英式拼字「programme」,"...intain good employee training programmes, improve security measures, ..."
en\cap-rate.html,英文,en,B-關鍵字疑似誤植,非bug-僅為相關工具連結錨點文字,英文頁面出現「Stamp Duty」（英國房產稅用語）,"...f=""/tools/en/stamp-duty.html"">Stamp Duty Calculator</a>       <a class..."
en\capital-gains-tax.html,英文,en,B-關鍵字疑似誤植,非bug-僅為相關工具連結錨點文字,英文頁面出現VAT（英國/歐盟增值稅用語，美式英文一般用sales tax）,"...tools/en/vat-calculator.html"">VAT & Sales Tax Calculator</a>   ..."
en\car-depreciation.html,英文,en,B-關鍵字疑似誤植,C-拼字習慣待評估,英文頁面出現英式拼字「colour」,"..., maintenance, market demand, colour, and specific features. Use t..."
en\car-depreciation.html,英文,en,B-關鍵字疑似誤植,C-拼字習慣待評估,英文頁面出現英式拼字「colour」,"...eciation rates. Additionally, colour, transmission type, and speci..."
en\car-depreciation.html,英文,en,B-關鍵字疑似誤植,C-拼字習慣待評估,英文頁面出現英式拼字「colour」,"..., maintenance, market demand, colour, and specific features. Use t..."
en\cash-on-cash.html,英文,en,B-關鍵字疑似誤植,非bug-僅為相關工具連結錨點文字,英文頁面出現「Stamp Duty」（英國房產稅用語）,"...f=""/tools/en/stamp-duty.html"">Stamp Duty Calculator</a>       <a class..."
en\cooking-converter.html,英文,en,B-關鍵字疑似誤植,C-拼字習慣待評估,英文頁面出現英式拼字「litre」,"... tablespoons, teaspoons, millilitres, ounces, and grams. Perfect ..."
en\cooking-converter.html,英文,en,B-關鍵字疑似誤植,C-拼字習慣待評估,英文頁面出現英式拼字「litre」,"... tablespoons, teaspoons, millilitres, ounces, and grams. Perfect ..."
en\cooking-converter.html,英文,en,B-關鍵字疑似誤植,C-拼字習慣待評估,英文頁面出現英式拼字「litre」,"... select the metric unit (millilitres or grams), choose your desir..."
en\cooking-converter.html,英文,en,B-關鍵字疑似誤植,C-拼字習慣待評估,英文頁面出現英式拼字「litre」,"... tablespoons, teaspoons, millilitres, ounces, and grams</p>     <..."
en\cooking-converter.html,英文,en,B-關鍵字疑似誤植,C-拼字習慣待評估,英文頁面出現英式拼字「litre」,"... tablespoons, teaspoons, millilitres, ounces, and grams. A cup is..."
en\cooking-converter.html,英文,en,B-關鍵字疑似誤植,C-拼字習慣待評估,英文頁面出現英式拼字「litre」,...equals approximately 240 millilitres. Tablespoons and teaspoons a...
en\cooking-converter.html,英文,en,B-關鍵字疑似誤植,C-拼字習慣待評估,英文頁面出現英式拼字「litre」,...qualing three teaspoons. Millilitres are metric volume measuremen...
en\cooking-converter.html,英文,en,B-關鍵字疑似誤植,C-拼字習慣待評估,英文頁面出現英式拼字「litre」,"...lespoons, teaspoons, and millilitres measure how much space an in..."
en\cooking-converter.html,英文,en,B-關鍵字疑似誤植,C-拼字習慣待評估,英文頁面出現英式拼字「litre」,"...ls 16 tablespoons or 240 millilitres, 1 tablespoon equals 3 teasp..."
en\cooking-converter.html,英文,en,B-關鍵字疑似誤植,C-拼字習慣待評估,英文頁面出現英式拼字「litre」,"...equals 3 teaspoons or 15 millilitres, and 1 fluid ounce equals 30..."
en\cooking-converter.html,英文,en,B-關鍵字疑似誤植,C-拼字習慣待評估,英文頁面出現英式拼字「litre」,"... 1 fluid ounce equals 30 millilitres. For weight conversions, 1 o..."
en\cooking-converter.html,英文,en,B-關鍵字疑似誤植,C-拼字習慣待評估,英文頁面出現英式拼字「litre」,"...of flour, you'd need 480 millilitres or approximately 240 grams (..."
en\cooking-converter.html,英文,en,B-關鍵字疑似誤植,C-拼字習慣待評估,英文頁面出現英式拼字「litre」,"... select the metric unit (millilitres or grams), choose your desir..."
en\currency-converter.html,英文,en,B-關鍵字疑似誤植,非bug-幣別選項屬正常功能,英文頁面出現GBP幣別代碼,"...mon currencies like USD, EUR, GBP, JPY, CHF, CAD, AUD, and many..."
en\currency-converter.html,英文,en,B-關鍵字疑似誤植,非bug-幣別選項屬正常功能,英文頁面出現GBP幣別代碼,"... (EUR)</option><option value=""GBP"">British Pound (GBP)</option>..."
en\currency-converter.html,英文,en,B-關鍵字疑似誤植,非bug-幣別選項屬正常功能,英文頁面出現GBP幣別代碼,"...on value=""GBP"">British Pound (GBP)</option><option value=""JPY"">..."
en\currency-converter.html,英文,en,B-關鍵字疑似誤植,非bug-幣別選項屬正常功能,英文頁面出現GBP幣別代碼,"... (EUR)</option><option value=""GBP"">British Pound (GBP)</option>..."
en\currency-converter.html,英文,en,B-關鍵字疑似誤植,非bug-幣別選項屬正常功能,英文頁面出現GBP幣別代碼,"...on value=""GBP"">British Pound (GBP)</option><option value=""JPY"">..."
en\currency-converter.html,英文,en,B-關鍵字疑似誤植,非bug-幣別選項屬正常功能,英文頁面出現GBP幣別代碼,"...u're converting $1,000 USD to GBP or any other currency pair, t..."
en\currency-converter.html,英文,en,B-關鍵字疑似誤植,非bug-幣別選項屬正常功能,英文頁面出現GBP幣別代碼,"... currency pairs like EUR/USD, GBP/USD, and USD/JPY are among th..."
en\currency-converter.html,英文,en,B-關鍵字疑似誤植,非bug-幣別選項屬正常功能,英文頁面出現GBP幣別代碼,"...mon currencies like USD, EUR, GBP, JPY, CHF, CAD, AUD, and many..."
en\customs-duty.html,英文,en,B-關鍵字疑似誤植,非bug-VAT為全球通用關務/稅務用語且已適當標註因地而異,英文頁面出現VAT（英國/歐盟增值稅用語，美式英文一般用sales tax）,"...es including Value Added Tax (VAT), excise taxes, port fees, cu..."
en\customs-duty.html,英文,en,B-關鍵字疑似誤植,非bug-VAT為全球通用關務/稅務用語且已適當標註因地而異,英文頁面出現VAT（英國/歐盟增值稅用語，美式英文一般用sales tax）,"...fees such as value-added tax (VAT), excise taxes, or port handl..."
en\customs-duty.html,英文,en,B-關鍵字疑似誤植,非bug-VAT為全球通用關務/稅務用語且已適當標註因地而異,英文頁面出現VAT（英國/歐盟增值稅用語，美式英文一般用sales tax）,"...es including Value Added Tax (VAT), excise taxes, port fees, cu..."
en\down-payment.html,英文,en,B-關鍵字疑似誤植,非bug-僅為相關工具連結錨點文字,英文頁面出現「Stamp Duty」（英國房產稅用語）,"...f=""/tools/en/stamp-duty.html"">Stamp Duty Calculator</a>       <a class..."
en\effective-tax-rate.html,英文,en,B-關鍵字疑似誤植,非bug-僅為相關工具連結錨點文字,英文頁面出現VAT（英國/歐盟增值稅用語，美式英文一般用sales tax）,"...tools/en/vat-calculator.html"">VAT & Sales Tax Calculator</a>   ..."
en\employee-cost.html,英文,en,B-關鍵字疑似誤植,A-真bug需修,英文頁面出現「National Insurance」（英國國民保險，美式用語應為Social Security/payroll tax）,"...label for=""nationalInsurance"">National Insurance Cost (Annual)</label>   <div ..."
en\employee-cost.html,英文,en,B-關鍵字疑似誤植,A-真bug需修,英文頁面出現「National Insurance」（英國國民保險，美式用語應為Social Security/payroll tax）,...ctures.</p><h2>Income Tax and National Insurance</h2><p>Income tax and nationa...
en\forex-profit.html,英文,en,B-關鍵字疑似誤植,非bug-幣別選項屬正常功能,英文頁面出現GBP幣別代碼,"... Alternatively, if you traded GBP/USD from 1.3200 to 1.3150 wit..."
en\freelance-rate.html,英文,en,B-關鍵字疑似誤植,非bug-VAT為全球通用關務/稅務用語且已適當標註因地而異,英文頁面出現VAT（英國/歐盟增值稅用語，美式英文一般用sales tax）,"...ontributions, and potentially VAT depending on your location an..."
en\gas-bill.html,英文,en,B-關鍵字疑似誤植,A-真bug需修,英文頁面出現VAT（英國/歐盟增值稅用語，美式英文一般用sales tax）,"... your usage, local rates, and VAT. Get accurate bill forecasts ..."
en\gas-bill.html,英文,en,B-關鍵字疑似誤植,A-真bug需修,英文頁面出現VAT（英國/歐盟增值稅用語，美式英文一般用sales tax）,"... your usage, local rates, and VAT. Get accurate bill forecasts ..."
en\gas-bill.html,英文,en,B-關鍵字疑似誤植,A-真bug需修,英文頁面出現VAT（英國/歐盟增值稅用語，美式英文一般用sales tax）,"...: ""Question"", ""name"": ""Why is VAT applied to my gas bill?"", ""ac..."
en\gas-bill.html,英文,en,B-關鍵字疑似誤植,A-真bug需修,英文頁面出現VAT（英國/歐盟增值稅用語，美式英文一般用sales tax）,"... {""@type"": ""Answer"", ""text"": ""VAT (Value Added Tax) is a govern..."
en\gas-bill.html,英文,en,B-關鍵字疑似誤植,A-真bug需修,英文頁面出現VAT（英國/歐盟增值稅用語，美式英文一般用sales tax）,"...roup"">   <label for=""taxRate"">VAT Rate</label>   <div class=""in..."
en\gas-bill.html,英文,en,B-關鍵字疑似誤植,A-真bug需修,英文頁面出現VAT（英國/歐盟增值稅用語，美式英文一般用sales tax）,"... class=""input-help"">Enter the VAT tax percentage applied to you..."
en\gas-bill.html,英文,en,B-關鍵字疑似誤植,A-真bug需修,英文頁面出現VAT（英國/歐盟增值稅用語，美式英文一般用sales tax）,"...esult-label"">Subtotal (Before VAT)</span><span class=""result-va..."
en\gas-bill.html,英文,en,B-關鍵字疑似誤植,A-真bug需修,英文頁面出現VAT（英國/歐盟增值稅用語，美式英文一般用sales tax）,"...m""><span class=""result-label"">VAT Amount</span><span class=""res..."
en\gas-bill.html,英文,en,B-關鍵字疑似誤植,A-真bug需修,英文頁面出現VAT（英國/歐盟增值稅用語，美式英文一般用sales tax）,...e number of billing days. The VAT Amount is then calculated on ...
en\gas-bill.html,英文,en,B-關鍵字疑似誤植,A-真bug需修,英文頁面出現VAT（英國/歐盟增值稅用語，美式英文一般用sales tax）,".... Both charges are subject to VAT at the applicable rate, which..."
en\gas-bill.html,英文,en,B-關鍵字疑似誤植,A-真bug需修,英文頁面出現VAT（英國/歐盟增值稅用語，美式英文一般用sales tax）,...he gas supply network.</p><h2>VAT and Final Bill Calculation</h...
en\gas-bill.html,英文,en,B-關鍵字疑似誤植,A-真bug需修,英文頁面出現VAT（英國/歐盟增值稅用語，美式英文一般用sales tax）,...ation</h2><p>Value Added Tax (VAT) is calculated on the subtota...
en\gas-bill.html,英文,en,B-關鍵字疑似誤植,A-真bug需修,英文頁面出現VAT（英國/歐盟增值稅用語，美式英文一般用sales tax）,...ombined. The current standard VAT rate for domestic gas in the ...
en\gas-bill.html,英文,en,B-關鍵字疑似誤植,A-真bug需修,英文頁面出現VAT（英國/歐盟增值稅用語，美式英文一般用sales tax）,"...n circumstances. To calculate VAT, multiply your subtotal by th..."
en\gas-bill.html,英文,en,B-關鍵字疑似誤植,A-真bug需修,英文頁面出現VAT（英國/歐盟增值稅用語，美式英文一般用sales tax）,...tal is your subtotal plus the VAT amount. Our calculator automa...
en\gas-bill.html,英文,en,B-關鍵字疑似誤植,A-真bug需修,英文頁面出現VAT（英國/歐盟增值稅用語，美式英文一般用sales tax）,"...h in days, and the applicable VAT rate. The calculator will ins..."
en\gas-bill.html,英文,en,B-關鍵字疑似誤植,A-真bug需修,英文頁面出現VAT（英國/歐盟增值稅用語，美式英文一般用sales tax）,"...anding charge cost, subtotal, VAT amount, and total bill. This ..."
en\gas-bill.html,英文,en,B-關鍵字疑似誤植,A-真bug需修,英文頁面出現VAT（英國/歐盟增值稅用語，美式英文一般用sales tax）,"...em""><div class=""faq-q"">Why is VAT applied to my gas bill?</div>..."
en\gas-bill.html,英文,en,B-關鍵字疑似誤植,A-真bug需修,英文頁面出現VAT（英國/歐盟增值稅用語，美式英文一般用sales tax）,"...bill?</div><div class=""faq-a"">VAT (Value Added Tax) is a govern..."
en\home-affordability.html,英文,en,B-關鍵字疑似誤植,非bug-僅為相關工具連結錨點文字,英文頁面出現「Stamp Duty」（英國房產稅用語）,"...f=""/tools/en/stamp-duty.html"">Stamp Duty Calculator</a>       <a class..."
en\income-tax.html,英文,en,B-關鍵字疑似誤植,非bug-僅為相關工具連結錨點文字,英文頁面出現VAT（英國/歐盟增值稅用語，美式英文一般用sales tax）,"...tools/en/vat-calculator.html"">VAT & Sales Tax Calculator</a>   ..."
en\index.html,英文,en,B-關鍵字疑似誤植,非bug-僅為相關工具連結錨點文字,英文頁面出現VAT（英國/歐盟增值稅用語，美式英文一般用sales tax）,"...lator.html"" class=""tool-card"">VAT & Sales Tax Calculator</a>   ..."
en\index.html,英文,en,B-關鍵字疑似誤植,非bug-僅為相關工具連結錨點文字,英文頁面出現「Stamp Duty」（英國房產稅用語）,"...-duty.html"" class=""tool-card"">Stamp Duty Calculator</a>     <a href=""/..."
en\led-savings.html,英文,en,B-關鍵字疑似誤植,C-拼字習慣待評估,英文頁面出現英式拼字「colour」,"...e"": ""Question"", ""name"": ""What colour temperature should I choose?""..."
en\led-savings.html,英文,en,B-關鍵字疑似誤植,C-拼字習慣待評估,英文頁面出現英式拼字「colour」,"... dimmer switches, and various colour temperatures (warm 2700K to c..."
en\led-savings.html,英文,en,B-關鍵字疑似誤植,C-拼字習慣待評估,英文頁面出現英式拼字「colour」,... offer Wi-Fi connectivity and colour-changing capabilities. When c...
en\led-savings.html,英文,en,B-關鍵字疑似誤植,C-拼字習慣待評估,英文頁面出現英式拼字「colour」,"...item""><div class=""faq-q"">What colour temperature should I choose?<..."
en\mortgage.html,英文,en,B-關鍵字疑似誤植,非bug-僅為相關工具連結錨點文字,英文頁面出現「Stamp Duty」（英國房產稅用語）,"...f=""/tools/en/stamp-duty.html"">Stamp Duty Calculator</a>       <a class..."
en\paint-calculator.html,英文,en,B-關鍵字疑似誤植,C-拼字習慣待評估,英文頁面出現英式拼字「colour」,"...d 3 coats when painting light colours over dark walls, painting wi..."
en\paint-calculator.html,英文,en,B-關鍵字疑似誤植,C-拼字習慣待評估,英文頁面出現英式拼字「colour」,...and you won't achieve perfect colour matching if you purchase more...
en\paint-calculator.html,英文,en,B-關鍵字疑似誤植,C-拼字習慣待評估,英文頁面出現英式拼字「colour」,"...Does paint coverage differ by colour?"", ""acceptedAnswer"": {""@type""..."
en\paint-calculator.html,英文,en,B-關鍵字疑似誤植,C-拼字習慣待評估,英文頁面出現英式拼字「colour」,"...Answer"", ""text"": ""Yes, darker colours and bold hues often have low..."
en\paint-calculator.html,英文,en,B-關鍵字疑似誤植,C-拼字習慣待評估,英文頁面出現英式拼字「colour」,...r coverage rates than lighter colours because they require more pi...
en\paint-calculator.html,英文,en,B-關鍵字疑似誤植,C-拼字習慣待評估,英文頁面出現英式拼字「colour」,"... to a significantly different colour, you may need extra coats and..."
en\paint-calculator.html,英文,en,B-關鍵字疑似誤植,C-拼字習慣待評估,英文頁面出現英式拼字「colour」,"...brick or concrete, and darker colours may require more paint. Alwa..."
en\paint-calculator.html,英文,en,B-關鍵字疑似誤植,C-拼字習慣待評估,英文頁面出現英式拼字「colour」,...ects require 2 coats for even colour coverage and durability. Howe...
en\paint-calculator.html,英文,en,B-關鍵字疑似誤植,C-拼字習慣待評估,英文頁面出現英式拼字「colour」,"...uire more: when covering dark colours with light paint, using low-..."
en\paint-calculator.html,英文,en,B-關鍵字疑似誤植,C-拼字習慣待評估,英文頁面出現英式拼字「colour」,"..., or working with bold accent colours. Conversely, high-quality pa..."
en\paint-calculator.html,英文,en,B-關鍵字疑似誤植,C-拼字習慣待評估,英文頁面出現英式拼字「colour」,"...d 3 coats when painting light colours over dark walls, painting wi..."
en\paint-calculator.html,英文,en,B-關鍵字疑似誤植,C-拼字習慣待評估,英文頁面出現英式拼字「colour」,...and you won't achieve perfect colour matching if you purchase more...
en\paint-calculator.html,英文,en,B-關鍵字疑似誤植,C-拼字習慣待評估,英文頁面出現英式拼字「colour」,"...Does paint coverage differ by colour?</div><div class=""faq-a"">Yes,..."
en\paint-calculator.html,英文,en,B-關鍵字疑似誤植,C-拼字習慣待評估,英文頁面出現英式拼字「colour」,"...div class=""faq-a"">Yes, darker colours and bold hues often have low..."
en\paint-calculator.html,英文,en,B-關鍵字疑似誤植,C-拼字習慣待評估,英文頁面出現英式拼字「colour」,...r coverage rates than lighter colours because they require more pi...
en\paint-calculator.html,英文,en,B-關鍵字疑似誤植,C-拼字習慣待評估,英文頁面出現英式拼字「colour」,"... to a significantly different colour, you may need extra coats and..."
en\paint-calculator.html,英文,en,B-關鍵字疑似誤植,C-拼字習慣待評估,英文頁面出現英式拼字「litre」,"...ur paint in square metres per litre</small> <div class=""input-gro..."
en\paint-calculator.html,英文,en,B-關鍵字疑似誤植,C-拼字習慣待評估,英文頁面出現英式拼字「litre」,...he calculator shows the total litres of paint required for your p...
en\paint-calculator.html,英文,en,B-關鍵字疑似誤植,C-拼字習慣待評估,英文頁面出現英式拼字「litre」,"... for your project, how many 5-litre buckets you'll need to purcha..."
en\paint-calculator.html,英文,en,B-關鍵字疑似誤植,C-拼字習慣待評估,英文頁面出現英式拼字「litre」,...the estimated cost at $15 per litre. Use these results to plan yo...
en\paint-calculator.html,英文,en,B-關鍵字疑似誤植,C-拼字習慣待評估,英文頁面出現英式拼字「litre」,"...measured in square metres per litre (m²/L), indicates how much su..."
en\paint-calculator.html,英文,en,B-關鍵字疑似誤植,C-拼字習慣待評估,英文頁面出現英式拼字「litre」,...tes how much surface area one litre of paint can cover. Most stan...
en\paint-calculator.html,英文,en,B-關鍵字疑似誤植,C-拼字習慣待評估,英文頁面出現英式拼字「litre」,...'ll need: (150 × 2) ÷ 10 = 30 litres. This calculation accounts f...
en\paint-calculator.html,英文,en,B-關鍵字疑似誤植,C-拼字習慣待評估,英文頁面出現英式拼字「litre」,...calculator converts the total litres needed into the number of st...
en\paint-calculator.html,英文,en,B-關鍵字疑似誤植,C-拼字習慣待評估,英文頁面出現英式拼字「litre」,...into the number of standard 5-litre buckets you must purchase. If...
en\paint-calculator.html,英文,en,B-關鍵字疑似誤植,C-拼字習慣待評估,英文頁面出現英式拼字「litre」,"... If your calculation shows 32 litres needed, you'll require 7 can..."
en\paint-calculator.html,英文,en,B-關鍵字疑似誤植,C-拼字習慣待評估,英文頁面出現英式拼字「litre」,"...ire 7 cans (since 6 cans = 30 litres, requiring a 7th for the rem..."
en\paint-calculator.html,英文,en,B-關鍵字疑似誤植,C-拼字習慣待評估,英文頁面出現英式拼字「litre」,...ing a 7th for the remaining 2 litres). Always round up to ensure ...
en\paint-calculator.html,英文,en,B-關鍵字疑似誤植,C-拼字習慣待評估,英文頁面出現英式拼字「litre」,"...t calculation assumes $15 per litre, providing a rough budget bas..."
en\paint-calculator.html,英文,en,B-關鍵字疑似誤植,C-拼字習慣待評估,英文頁面出現英式拼字「litre」,"...um paints may cost $20-30 per litre, while budget options might b..."
en\paint-calculator.html,英文,en,B-關鍵字疑似誤植,C-拼字習慣待評估,英文頁面出現英式拼字「litre」,...et options might be $8-12 per litre. Consider that premium paints...
en\parking-cost.html,英文,en,B-關鍵字疑似誤植,C-拼字習慣待評估,英文頁面出現英式拼字「centre」,... to $4.00 per hour in UK city centres. Daily rates provide better ...
en\payroll-tax.html,英文,en,B-關鍵字疑似誤植,B-UK限定工具例外清單內,英文頁面出現英鎊符號,"...w""><span class=""input-prefix"">£</span><input type=""number"" id..."
en\payroll-tax.html,英文,en,B-關鍵字疑似誤植,B-UK限定工具例外清單內,英文頁面出現英鎊符號,...monthlyGross').textContent = '£' + monthlyGross.toLocaleStrin...
en\payroll-tax.html,英文,en,B-關鍵字疑似誤植,B-UK限定工具例外清單內,英文頁面出現英鎊符號,...d('incomeTax').textContent = '£' + incomeTax.toLocaleString('...
en\payroll-tax.html,英文,en,B-關鍵字疑似誤植,B-UK限定工具例外清單內,英文頁面出現英鎊符號,...('employeeNI').textContent = '£' + employeeNI.toLocaleString(...
en\payroll-tax.html,英文,en,B-關鍵字疑似誤植,B-UK限定工具例外清單內,英文頁面出現英鎊符號,...oanDeduction').textContent = '£' + studentLoanDeduction.toLoc...
en\payroll-tax.html,英文,en,B-關鍵字疑似誤植,B-UK限定工具例外清單內,英文頁面出現英鎊符號,...ensionAmount').textContent = '£' + pensionAmount.toLocaleStri...
en\payroll-tax.html,英文,en,B-關鍵字疑似誤植,B-UK限定工具例外清單內,英文頁面出現英鎊符號,...annualNetPay').textContent = '£' + annualNetPay.toLocaleStrin...
en\payroll-tax.html,英文,en,B-關鍵字疑似誤植,B-UK限定工具例外清單內,英文頁面出現英鎊符號,...onthlyNetPay').textContent = '£' + monthlyNetPay.toLocaleStri...
en\payroll-tax.html,英文,en,B-關鍵字疑似誤植,B-UK限定工具例外清單內,英文頁面出現英鎊符號,...('employerNI').textContent = '£' + employerNI.toLocaleString(...
en\payroll-tax.html,英文,en,B-關鍵字疑似誤植,B-UK限定工具例外清單內,英文頁面出現英鎊符號,...d('totalCost').textContent = '£' + totalCost.toLocaleString('...
en\payroll-tax.html,英文,en,B-關鍵字疑似誤植,B-UK限定工具例外清單內,英文頁面出現VAT（英國/歐盟增值稅用語，美式英文一般用sales tax）,"...tools/en/vat-calculator.html"">VAT & Sales Tax Calculator</a>   ..."
en\payroll-tax.html,英文,en,B-關鍵字疑似誤植,B-UK限定工具例外清單內,英文頁面出現「National Insurance」（英國國民保險，美式用語應為Social Security/payroll tax）,"...stantly calculate income tax, National Insurance, pension contributions, and t..."
en\payroll-tax.html,英文,en,B-關鍵字疑似誤植,B-UK限定工具例外清單內,英文頁面出現「National Insurance」（英國國民保險，美式用語應為Social Security/payroll tax）,"...stantly calculate income tax, National Insurance, pension contributions, and t..."
en\payroll-tax.html,英文,en,B-關鍵字疑似誤植,B-UK限定工具例外清單內,英文頁面出現「National Insurance」（英國國民保險，美式用語應為Social Security/payroll tax）,"...""Question"", ""name"": ""How much National Insurance will I pay on my salary?"", ""a..."
en\payroll-tax.html,英文,en,B-關鍵字疑似誤植,B-UK限定工具例外清單內,英文頁面出現「National Insurance」（英國國民保險，美式用語應為Social Security/payroll tax）,"...mployee, you typically pay 8% National Insurance on earnings between $12,570 a..."
en\payroll-tax.html,英文,en,B-關鍵字疑似誤植,B-UK限定工具例外清單內,英文頁面出現「National Insurance」（英國國民保險，美式用語應為Social Security/payroll tax）,... calculator to see your exact National Insurance deduction based on your salar...
en\payroll-tax.html,英文,en,B-關鍵字疑似誤植,B-UK限定工具例外清單內,英文頁面出現「National Insurance」（英國國民保險，美式用語應為Social Security/payroll tax）,"...lly receive after income tax, National Insurance, pension contributions, stude..."
en\payroll-tax.html,英文,en,B-關鍵字疑似誤植,B-UK限定工具例外清單內,英文頁面出現「National Insurance」（英國國民保險，美式用語應為Social Security/payroll tax）,"...p"">   <label for=""niCategory"">National Insurance Category</label>   <div class..."
en\payroll-tax.html,英文,en,B-關鍵字疑似誤植,B-UK限定工具例外清單內,英文頁面出現「National Insurance」（英國國民保險，美式用語應為Social Security/payroll tax）,"...lass=""input-help"">Select your National Insurance category based on your employ..."
en\payroll-tax.html,英文,en,B-關鍵字疑似誤植,B-UK限定工具例外清單內,英文頁面出現「National Insurance」（英國國民保險，美式用語應為Social Security/payroll tax）,"...result-label"">Annual Employee National Insurance</span><span class=""result-val..."
en\payroll-tax.html,英文,en,B-關鍵字疑似誤植,B-UK限定工具例外清單內,英文頁面出現「National Insurance」（英國國民保險，美式用語應為Social Security/payroll tax）,"...result-label"">Annual Employer National Insurance Contribution</span><span clas..."
en\payroll-tax.html,英文,en,B-關鍵字疑似誤植,B-UK限定工具例外清單內,英文頁面出現「National Insurance」（英國國民保險，美式用語應為Social Security/payroll tax）,"...uctions including income tax, National Insurance, and optional contributions l..."
en\payroll-tax.html,英文,en,B-關鍵字疑似誤植,B-UK限定工具例外清單內,英文頁面出現「National Insurance」（英國國民保險，美式用語應為Social Security/payroll tax）,...x throughout the year.</p><h2>National Insurance Contributions</h2><p>National...
en\payroll-tax.html,英文,en,B-關鍵字疑似誤植,B-UK限定工具例外清單內,英文頁面出現「National Insurance」（英國國民保險，美式用語應為Social Security/payroll tax）,...nsurance Contributions</h2><p>National Insurance (NI) is a separate system fro...
en\payroll-tax.html,英文,en,B-關鍵字疑似誤植,B-UK限定工具例外清單內,英文頁面出現「National Insurance」（英國國民保險，美式用語應為Social Security/payroll tax）,"...nefits, and the NHS. Employee National Insurance is calculated as 8% on earnin..."
en\payroll-tax.html,英文,en,B-關鍵字疑似誤植,B-UK限定工具例外清單內,英文頁面出現「National Insurance」（英國國民保險，美式用語應為Social Security/payroll tax）,"... earnings above $50,270. Your National Insurance category affects how much you..."
en\payroll-tax.html,英文,en,B-關鍵字疑似誤植,B-UK限定工具例外清單內,英文頁面出現「National Insurance」（英國國民保險，美式用語應為Social Security/payroll tax）,"...ployments. Employers also pay National Insurance contributions on your salary,..."
en\payroll-tax.html,英文,en,B-關鍵字疑似誤植,B-UK限定工具例外清單內,英文頁面出現「National Insurance」（英國國民保險，美式用語應為Social Security/payroll tax）,... separate from income tax and National Insurance but are still mandatory if yo...
en\payroll-tax.html,英文,en,B-關鍵字疑似誤植,B-UK限定工具例外清單內,英文頁面出現「National Insurance」（英國國民保險，美式用語應為Social Security/payroll tax）,"...uctions: income tax, Employee National Insurance, pension contributions, and s..."
en\payroll-tax.html,英文,en,B-關鍵字疑似誤植,B-UK限定工具例外清單內,英文頁面出現「National Insurance」（英國國民保險，美式用語應為Social Security/payroll tax）,...n contributions or changes in National Insurance. Regularly reviewing your pay...
en\payroll-tax.html,英文,en,B-關鍵字疑似誤植,B-UK限定工具例外清單內,英文頁面出現「National Insurance」（英國國民保險，美式用語應為Social Security/payroll tax）,"...""><div class=""faq-q"">How much National Insurance will I pay on my salary?</div..."
en\payroll-tax.html,英文,en,B-關鍵字疑似誤植,B-UK限定工具例外清單內,英文頁面出現「National Insurance」（英國國民保險，美式用語應為Social Security/payroll tax）,"...mployee, you typically pay 8% National Insurance on earnings between $12,570 a..."
en\payroll-tax.html,英文,en,B-關鍵字疑似誤植,B-UK限定工具例外清單內,英文頁面出現「National Insurance」（英國國民保險，美式用語應為Social Security/payroll tax）,... calculator to see your exact National Insurance deduction based on your salar...
en\payroll-tax.html,英文,en,B-關鍵字疑似誤植,B-UK限定工具例外清單內,英文頁面出現「National Insurance」（英國國民保險，美式用語應為Social Security/payroll tax）,"...lly receive after income tax, National Insurance, pension contributions, stude..."
en\payroll-tax.html,英文,en,B-關鍵字疑似誤植,B-UK限定工具例外清單內,英文頁面出現「NHS」（英國國民保健署）,...s fund state benefits and the NHS. Use the calculator to see yo...
en\payroll-tax.html,英文,en,B-關鍵字疑似誤植,B-UK限定工具例外清單內,英文頁面出現「NHS」（英國國民保健署）,"...nemployment benefits, and the NHS. Employee National Insurance ..."
en\payroll-tax.html,英文,en,B-關鍵字疑似誤植,B-UK限定工具例外清單內,英文頁面出現「NHS」（英國國民保健署）,...s fund state benefits and the NHS. Use the calculator to see yo...
en\property-tax.html,英文,en,B-關鍵字疑似誤植,非bug-僅為相關工具連結錨點文字,英文頁面出現「Stamp Duty」（英國房產稅用語）,"...f=""/tools/en/stamp-duty.html"">Stamp Duty Calculator</a>       <a class..."
en\rent-vs-buy.html,英文,en,B-關鍵字疑似誤植,A-真bug需修,英文頁面出現「Stamp Duty」（英國房產稅用語）,"...f=""/tools/en/stamp-duty.html"">Stamp Duty Calculator</a>       <a class..."
en\rent-vs-buy.html,英文,en,B-關鍵字疑似誤植,A-真bug需修,英文頁面出現「Council Tax」（英國地方稅用語）,"... <label for=""propertyTaxRate"">Council Tax & Insurance (Annual)</label> ..."
en\salary-raise.html,英文,en,B-關鍵字疑似誤植,A-真bug需修,英文頁面出現「National Insurance」（英國國民保險，美式用語應為Social Security/payroll tax）,...ary increase before taxes and National Insurance contributions. Your actual ta...
en\salary-raise.html,英文,en,B-關鍵字疑似誤植,A-真bug需修,英文頁面出現「National Insurance」（英國國民保險，美式用語應為Social Security/payroll tax）,"...be affected by income tax and National Insurance contributions. In the UK, the..."
en\salary-raise.html,英文,en,B-關鍵字疑似誤植,A-真bug需修,英文頁面出現「National Insurance」（英國國民保險，美式用語應為Social Security/payroll tax）,...ary increase before taxes and National Insurance contributions. Your actual ta...
en\stamp-duty.html,英文,en,B-關鍵字疑似誤植,B-UK限定工具例外清單內,英文頁面出現英鎊符號,"... residential properties up to £300,000. Relief is only availa..."
en\stamp-duty.html,英文,en,B-關鍵字疑似誤植,B-UK限定工具例外清單內,英文頁面出現英鎊符號,"...w""><span class=""input-prefix"">£</span><input type=""number"" id..."
en\stamp-duty.html,英文,en,B-關鍵字疑似誤植,B-UK限定工具例外清單內,英文頁面出現英鎊符號,"... residential properties up to £300,000, provided certain cond..."
en\stamp-duty.html,英文,en,B-關鍵字疑似誤植,B-UK限定工具例外清單內,英文頁面出現英鎊符號,"... residential properties up to £300,000. Relief is only availa..."
en\stamp-duty.html,英文,en,B-關鍵字疑似誤植,B-UK限定工具例外清單內,英文頁面出現英鎊符號,...mpDutyAmount').textContent = '£' + stampDuty.toLocaleString('...
en\stamp-duty.html,英文,en,B-關鍵字疑似誤植,B-UK限定工具例外清單內,英文頁面出現英鎊符號,...d('totalCost').textContent = '£' + totalCost.toLocaleString('...
en\stamp-duty.html,英文,en,B-關鍵字疑似誤植,B-UK限定工具例外清單內,英文頁面出現「Stamp Duty」（英國房產稅用語）,"...h, initial-scale=1.0""> <title>Stamp Duty Calculator | Property Transfe..."
en\stamp-duty.html,英文,en,B-關鍵字疑似誤植,B-UK限定工具例外清單內,英文頁面出現「Stamp Duty」（英國房產稅用語）,"..."": ""WebApplication"", ""name"": ""Stamp Duty Calculator"", ""url"": ""https://..."
en\stamp-duty.html,英文,en,B-關鍵字疑似誤植,B-UK限定工具例外清單內,英文頁面出現「Stamp Duty」（英國房產稅用語）,"...href=""/tools/en/"">Tools</a> > Stamp Duty Calculator</div> <div class=""..."
en\stamp-duty.html,英文,en,B-關鍵字疑似誤植,B-UK限定工具例外清單內,英文頁面出現「Stamp Duty」（英國房產稅用語）,"...iv class=""calc-card"">     <h1>Stamp Duty Calculator</h1>     <p class=..."
en\stamp-duty.html,英文,en,B-關鍵字疑似誤植,B-UK限定工具例外清單內,英文頁面出現「Stamp Duty」（英國房產稅用語）,"...t""><span class=""result-label"">Stamp Duty Payable</span><span class=""re..."
en\stamp-duty.html,英文,en,B-關鍵字疑似誤植,B-UK限定工具例外清單內,英文頁面出現「Stamp Duty」（英國房產稅用語）,... does this mean?</strong> The Stamp Duty Payable shows the total tax a...
en\stamp-duty.html,英文,en,B-關鍵字疑似誤植,B-UK限定工具例外清單內,英文頁面出現「Stamp Duty」（英國房產稅用語）,"...s=""article""><h2>Understanding Stamp Duty on Property Purchases</h2><p>..."
en\stamp-duty.html,英文,en,B-關鍵字疑似誤植,B-UK限定工具例外清單內,英文頁面出現「Stamp Duty」（英國房產稅用語）,... first-time buyer.</p><h2>How Stamp Duty Rates Work</h2><p>Stamp duty ...
en\take-home-pay.html,英文,en,B-關鍵字疑似誤植,B-UK限定工具例外清單內,英文頁面出現英鎊符號,"...personal allowance (currently £12,570 for 2026/27) which is t..."
en\take-home-pay.html,英文,en,B-關鍵字疑似誤植,B-UK限定工具例外清單內,英文頁面出現英鎊符號,"...w""><span class=""input-prefix"">£</span><input type=""number"" id..."
en\take-home-pay.html,英文,en,B-關鍵字疑似誤植,B-UK限定工具例外清單內,英文頁面出現英鎊符號,"...w""><span class=""input-prefix"">£</span><input type=""number"" id..."
en\take-home-pay.html,英文,en,B-關鍵字疑似誤植,B-UK限定工具例外清單內,英文頁面出現英鎊符號,"...personal allowance (currently £12,570 for 2026/27) which is t..."
en\take-home-pay.html,英文,en,B-關鍵字疑似誤植,B-UK限定工具例外清單內,英文頁面出現英鎊符號,...d('total_tax').textContent = '£' + totalDeductions.toLocaleSt...
en\take-home-pay.html,英文,en,B-關鍵字疑似誤植,B-UK限定工具例外清單內,英文頁面出現英鎊符號,...('net_annual').textContent = '£' + netAnnual.toLocaleString('...
en\take-home-pay.html,英文,en,B-關鍵字疑似誤植,B-UK限定工具例外清單內,英文頁面出現英鎊符號,...'net_monthly').textContent = '£' + netMonthly.toLocaleString(...
en\take-home-pay.html,英文,en,B-關鍵字疑似誤植,B-UK限定工具例外清單內,英文頁面出現英鎊符號,...('net_weekly').textContent = '£' + netWeekly.toLocaleString('...
en\take-home-pay.html,英文,en,B-關鍵字疑似誤植,B-UK限定工具例外清單內,英文頁面出現「National Insurance」（英國國民保險，美式用語應為Social Security/payroll tax）,"...what you receive after taxes, National Insurance, and other deductions have be..."
en\take-home-pay.html,英文,en,B-關鍵字疑似誤植,B-UK限定工具例外清單內,英文頁面出現「National Insurance」（英國國民保險，美式用語應為Social Security/payroll tax）,"...""Question"", ""name"": ""What are National Insurance contributions?"", ""acceptedAns..."
en\take-home-pay.html,英文,en,B-關鍵字疑似誤植,B-UK限定工具例外清單內,英文頁面出現「National Insurance」（英國國民保險，美式用語應為Social Security/payroll tax）,"... {""@type"": ""Answer"", ""text"": ""National Insurance contributions are mandatory p..."
en\take-home-pay.html,英文,en,B-關鍵字疑似誤植,B-UK限定工具例外清單內,英文頁面出現「National Insurance」（英國國民保險，美式用語應為Social Security/payroll tax）,"...for=""national_insurance_rate"">National Insurance Rate (%)</label>   <div class..."
en\take-home-pay.html,英文,en,B-關鍵字疑似誤植,B-UK限定工具例外清單內,英文頁面出現「National Insurance」（英國國民保險，美式用語應為Social Security/payroll tax）,...t throughout the year.</p><h2>National Insurance Contributions</h2><p>National...
en\take-home-pay.html,英文,en,B-關鍵字疑似誤植,B-UK限定工具例外清單內,英文頁面出現「National Insurance」（英國國民保險，美式用語應為Social Security/payroll tax）,...nsurance Contributions</h2><p>National Insurance is a separate contribution fr...
en\take-home-pay.html,英文,en,B-關鍵字疑似誤植,B-UK限定工具例外清單內,英文頁面出現「National Insurance」（英國國民保險，美式用語應為Social Security/payroll tax）,"...s and employees contribute to National Insurance, with employee contributions ..."
en\take-home-pay.html,英文,en,B-關鍵字疑似誤植,B-UK限定工具例外清單內,英文頁面出現「National Insurance」（英國國民保險，美式用語應為Social Security/payroll tax）,...threshold. Understanding your National Insurance obligations helps ensure you ...
en\take-home-pay.html,英文,en,B-關鍵字疑似誤植,B-UK限定工具例外清單內,英文頁面出現「National Insurance」（英國國民保險，美式用語應為Social Security/payroll tax）,...e that goes towards taxes and National Insurance. Unlike your marginal tax rat...
en\take-home-pay.html,英文,en,B-關鍵字疑似誤植,B-UK限定工具例外清單內,英文頁面出現「National Insurance」（英國國民保險，美式用語應為Social Security/payroll tax）,"...what you receive after taxes, National Insurance, and other deductions have be..."
en\take-home-pay.html,英文,en,B-關鍵字疑似誤植,B-UK限定工具例外清單內,英文頁面出現「National Insurance」（英國國民保險，美式用語應為Social Security/payroll tax）,"...""><div class=""faq-q"">What are National Insurance contributions?</div><div clas..."
en\take-home-pay.html,英文,en,B-關鍵字疑似誤植,B-UK限定工具例外清單內,英文頁面出現「National Insurance」（英國國民保險，美式用語應為Social Security/payroll tax）,"...ions?</div><div class=""faq-a"">National Insurance contributions are mandatory p..."
en\travel-insurance-calc.html,英文,en,B-關鍵字疑似誤植,非bug-幣別選項屬正常功能,英文頁面出現GBP幣別代碼,"...0""><span class=""input-suffix"">GBP</span></div> </div>   <small ..."
en\travel-insurance-calc.html,英文,en,B-關鍵字疑似誤植,非bug-幣別選項屬正常功能,英文頁面出現GBP幣別代碼,"...he total cost of your trip in GBP</small> <div class=""input-gro..."
en\travel-insurance-calc.html,英文,en,B-關鍵字疑似誤植,非bug-幣別選項屬正常功能,英文頁面出現GBP幣別代碼,"...1""><span class=""input-suffix"">GBP per day</span></div> </div>  ..."
en\travel-insurance-calc.html,英文,en,B-關鍵字疑似誤植,非bug-幣別選項屬正常功能,英文頁面出現GBP幣別代碼,"...enter your total trip cost in GBP—this includes flights, accomm..."
en\vat-calculator.html,英文,en,B-關鍵字疑似誤植,B-UK限定工具例外清單內,英文頁面出現VAT（英國/歐盟增值稅用語，美式英文一般用sales tax）,"...h, initial-scale=1.0""> <title>VAT & Sales Tax Calculator - Inst..."
en\vat-calculator.html,英文,en,B-關鍵字疑似誤植,B-UK限定工具例外清單內,英文頁面出現VAT（英國/歐盟增值稅用語，美式英文一般用sales tax）,"...e=""description"" content=""Free VAT and sales tax calculator. Com..."
en\vat-calculator.html,英文,en,B-關鍵字疑似誤植,B-UK限定工具例外清單內,英文頁面出現VAT（英國/歐盟增值稅用語，美式英文一般用sales tax）,"..."": ""WebApplication"", ""name"": ""VAT & Sales Tax Calculator"", ""url..."
en\vat-calculator.html,英文,en,B-關鍵字疑似誤植,B-UK限定工具例外清單內,英文頁面出現VAT（英國/歐盟增值稅用語，美式英文一般用sales tax）,"...r.html"", ""description"": ""Free VAT and sales tax calculator. Com..."
en\vat-calculator.html,英文,en,B-關鍵字疑似誤植,B-UK限定工具例外清單內,英文頁面出現VAT（英國/歐盟增值稅用語，美式英文一般用sales tax）,"...hat is the difference between VAT and sales tax?"", ""acceptedAns..."
en\vat-calculator.html,英文,en,B-關鍵字疑似誤植,B-UK限定工具例外清單內,英文頁面出現VAT（英國/歐盟增值稅用語，美式英文一般用sales tax）,"... {""@type"": ""Answer"", ""text"": ""VAT (Value Added Tax) is primaril..."
en\vat-calculator.html,英文,en,B-關鍵字疑似誤植,B-UK限定工具例外清單內,英文頁面出現VAT（英國/歐盟增值稅用語，美式英文一般用sales tax）,"...erent products have different VAT rates?"", ""acceptedAnswer"": {""..."
en\vat-calculator.html,英文,en,B-關鍵字疑似誤植,B-UK限定工具例外清單內,英文頁面出現VAT（英國/歐盟增值稅用語，美式英文一般用sales tax）,"...n"", ""name"": ""Do I need to pay VAT on all purchases?"", ""accepted..."
en\vat-calculator.html,英文,en,B-關鍵字疑似誤植,B-UK限定工具例外清單內,英文頁面出現VAT（英國/歐盟增值稅用語，美式英文一般用sales tax）,"...type"": ""Answer"", ""text"": ""No, VAT thresholds and exemptions var..."
en\vat-calculator.html,英文,en,B-關鍵字疑似誤植,B-UK限定工具例外清單內,英文頁面出現VAT（英國/歐盟增值稅用語，美式英文一般用sales tax）,...ry by country. Some items are VAT-exempt (like most foods in th...
en\vat-calculator.html,英文,en,B-關鍵字疑似誤植,B-UK限定工具例外清單內,英文頁面出現VAT（英國/歐盟增值稅用語，美式英文一般用sales tax）,"...ionally, businesses below the VAT registration threshold don't ..."
en\vat-calculator.html,英文,en,B-關鍵字疑似誤植,B-UK限定工具例外清單內,英文頁面出現VAT（英國/歐盟增值稅用語，美式英文一般用sales tax）,...ation threshold don't collect VAT. Always check your local tax ...
en\vat-calculator.html,英文,en,B-關鍵字疑似誤植,B-UK限定工具例外清單內,英文頁面出現VAT（英國/歐盟增值稅用語，美式英文一般用sales tax）,"...tion"", ""name"": ""Can I reclaim VAT as a business?"", ""acceptedAns..."
en\vat-calculator.html,英文,en,B-關鍵字疑似誤植,B-UK限定工具例外清單內,英文頁面出現VAT（英國/歐盟增值稅用語，美式英文一般用sales tax）,"...er"", ""text"": ""Yes, registered VAT businesses can typically recl..."
en\vat-calculator.html,英文,en,B-關鍵字疑似誤植,B-UK限定工具例外清單內,英文頁面出現VAT（英國/歐盟增值稅用語，美式英文一般用sales tax）,...inesses can typically reclaim VAT paid on business purchases an...
en\vat-calculator.html,英文,en,B-關鍵字疑似誤植,B-UK限定工具例外清單內,英文頁面出現VAT（英國/歐盟增值稅用語，美式英文一般用sales tax）,"...href=""/tools/en/"">Tools</a> > VAT & Sales Tax Calculator</div> ..."
en\vat-calculator.html,英文,en,B-關鍵字疑似誤植,B-UK限定工具例外清單內,英文頁面出現VAT（英國/歐盟增值稅用語，美式英文一般用sales tax）,"...iv class=""calc-card"">     <h1>VAT & Sales Tax Calculator</h1>  ..."
en\vat-calculator.html,英文,en,B-關鍵字疑似誤植,B-UK限定工具例外清單內,英文頁面出現VAT（英國/歐盟增值稅用語，美式英文一般用sales tax）,"...amounts and total prices with VAT rates</p>     <div id=""calcIn..."
en\vat-calculator.html,英文,en,B-關鍵字疑似誤植,B-UK限定工具例外清單內,英文頁面出現VAT（英國/歐盟增值稅用語，美式英文一般用sales tax）,...r the price before any tax or VAT is applied</small> <div class...
en\vat-calculator.html,英文,en,B-關鍵字疑似誤植,B-UK限定工具例外清單內,英文頁面出現VAT（英國/歐盟增值稅用語，美式英文一般用sales tax）,"...roup"">   <label for=""taxRate"">VAT/Tax Rate</label>   <div class..."
en\vat-calculator.html,英文,en,B-關鍵字疑似誤植,B-UK限定工具例外清單內,英文頁面出現VAT（英國/歐盟增值稅用語，美式英文一般用sales tax）,"... class=""input-help"">Enter the VAT or sales tax rate as a percen..."
en\vat-calculator.html,英文,en,B-關鍵字疑似誤植,B-UK限定工具例外清單內,英文頁面出現VAT（英國/歐盟增值稅用語，美式英文一般用sales tax）,...The Tax Amount shows how much VAT or sales tax is added to your...
en\vat-calculator.html,英文,en,B-關鍵字疑似誤植,B-UK限定工具例外清單內,英文頁面出現VAT（英國/歐盟增值稅用語，美式英文一般用sales tax）,"...s=""article""><h2>Understanding VAT and Sales Tax</h2><p>Value Ad..."
en\vat-calculator.html,英文,en,B-關鍵字疑似誤植,B-UK限定工具例外清單內,英文頁面出現VAT（英國/歐盟增值稅用語，美式英文一般用sales tax）,...s Tax</h2><p>Value Added Tax (VAT) and sales tax are consumptio...
en\vat-calculator.html,英文,en,B-關鍵字疑似誤植,B-UK限定工具例外清單內,英文頁面出現VAT（英國/歐盟增值稅用語，美式英文一般用sales tax）,"...In the UK and most of Europe, VAT is a standard tax applied at ..."
en\vat-calculator.html,英文,en,B-關鍵字疑似誤植,B-UK限定工具例外清單內,英文頁面出現VAT（英國/歐盟增值稅用語，美式英文一般用sales tax）,...s Calculator</h2><p>Using our VAT and sales tax calculator is s...
en\vat-calculator.html,英文,en,B-關鍵字疑似誤植,B-UK限定工具例外清單內,英文頁面出現VAT（英國/歐盟增值稅用語，美式英文一般用sales tax）,"...d. Then, input the applicable VAT or tax rate as a percentage i..."
en\vat-calculator.html,英文,en,B-關鍵字疑似誤植,B-UK限定工具例外清單內,英文頁面出現VAT（英國/歐盟增值稅用語，美式英文一般用sales tax）,"... $100.00 net price with a 20% VAT rate, you'll see a $20.00 tax..."
en\vat-calculator.html,英文,en,B-關鍵字疑似誤植,B-UK限定工具例外清單內,英文頁面出現VAT（英國/歐盟增值稅用語，美式英文一般用sales tax）,"...le class=""article""><h2>Common VAT Rates by Country</h2><p>Diffe..."
en\vat-calculator.html,英文,en,B-關鍵字疑似誤植,B-UK限定工具例外清單內,英文頁面出現VAT（英國/歐盟增值稅用語，美式英文一般用sales tax）,...s and regions apply different VAT or sales tax rates. The Unite...
en\vat-calculator.html,英文,en,B-關鍵字疑似誤植,B-UK限定工具例外清單內,英文頁面出現VAT（英國/歐盟增值稅用語，美式英文一般用sales tax）,"...European Union has a standard VAT rate ranging from 17% to 27%,..."
en\vat-calculator.html,英文,en,B-關鍵字疑似誤植,B-UK限定工具例外清單內,英文頁面出現VAT（英國/歐盟增值稅用語，美式英文一般用sales tax）,... Businesses must register for VAT if their turnover exceeds the...
en\vat-calculator.html,英文,en,B-關鍵字疑似誤植,B-UK限定工具例外清單內,英文頁面出現VAT（英國/歐盟增值稅用語，美式英文一般用sales tax）,...hat is the difference between VAT and sales tax?</div><div clas...
en\vat-calculator.html,英文,en,B-關鍵字疑似誤植,B-UK限定工具例外清單內,英文頁面出現VAT（英國/歐盟增值稅用語，美式英文一般用sales tax）,"... tax?</div><div class=""faq-a"">VAT (Value Added Tax) is primaril..."
en\vat-calculator.html,英文,en,B-關鍵字疑似誤植,B-UK限定工具例外清單內,英文頁面出現VAT（英國/歐盟增值稅用語，美式英文一般用sales tax）,"...erent products have different VAT rates?</div><div class=""faq-a..."
en\vat-calculator.html,英文,en,B-關鍵字疑似誤植,B-UK限定工具例外清單內,英文頁面出現VAT（英國/歐盟增值稅用語，美式英文一般用sales tax）,"...lass=""faq-q"">Do I need to pay VAT on all purchases?</div><div c..."
en\vat-calculator.html,英文,en,B-關鍵字疑似誤植,B-UK限定工具例外清單內,英文頁面出現VAT（英國/歐盟增值稅用語，美式英文一般用sales tax）,"...?</div><div class=""faq-a"">No, VAT thresholds and exemptions var..."
en\vat-calculator.html,英文,en,B-關鍵字疑似誤植,B-UK限定工具例外清單內,英文頁面出現VAT（英國/歐盟增值稅用語，美式英文一般用sales tax）,...ry by country. Some items are VAT-exempt (like most foods in th...
en\vat-calculator.html,英文,en,B-關鍵字疑似誤植,B-UK限定工具例外清單內,英文頁面出現VAT（英國/歐盟增值稅用語，美式英文一般用sales tax）,"...ionally, businesses below the VAT registration threshold don't ..."
en\vat-calculator.html,英文,en,B-關鍵字疑似誤植,B-UK限定工具例外清單內,英文頁面出現VAT（英國/歐盟增值稅用語，美式英文一般用sales tax）,...ation threshold don't collect VAT. Always check your local tax ...
en\vat-calculator.html,英文,en,B-關鍵字疑似誤植,B-UK限定工具例外清單內,英文頁面出現VAT（英國/歐盟增值稅用語，美式英文一般用sales tax）,"...v class=""faq-q"">Can I reclaim VAT as a business?</div><div clas..."
en\vat-calculator.html,英文,en,B-關鍵字疑似誤植,B-UK限定工具例外清單內,英文頁面出現VAT（英國/歐盟增值稅用語，美式英文一般用sales tax）,"...class=""faq-a"">Yes, registered VAT businesses can typically recl..."
en\vat-calculator.html,英文,en,B-關鍵字疑似誤植,B-UK限定工具例外清單內,英文頁面出現VAT（英國/歐盟增值稅用語，美式英文一般用sales tax）,...inesses can typically reclaim VAT paid on business purchases an...
