檔案,語言,檢查類型,問題內容,上下文
tools\401k-contribution.html,繁體中文（根目錄）,年份字樣,出現「2025」,750 的年度配對。</p><p><small>資料來源：IRS Notice 2025-67（2026年額度），2026年8月更新。</small></p></art
tools\age-calculator.html,繁體中文（根目錄）,相對時間詞,出現「今年」,"class=""faq-a"">本工具會自動計算從今天至您下一個生日的剩餘天數。如果今年的生日已經過去，系統會自動計算至明年同月同日的天數。</div></div>"
tools\asphalt-calculator.html,繁體中文（根目錄）,年份字樣,出現「2000」,h2><p>小型車道（500-1000平方英尺）通常需要2英寸厚度；中型停車場（2000-5000平方英尺）需要2.5英寸厚度；大型項目建議3英寸厚度以確保耐久性。瀝青
tools\catch-up-contribution.html,繁體中文（根目錄）,年份字樣,出現「2025」,作制定長期退休計劃。</p><p><small>資料來源：IRS Notice 2025-67（2026年額度），2026年8月更新。</small></p></art
tools\dental-cost-calculator.html,繁體中文（根目錄）,相對時間詞,出現「今年」,"> </div>   <small class=""input-help"">輸入您今年已支付的自付額金額</small> <div class=""input-grou"
tools\dental-cost-calculator.html,繁體中文（根目錄）,相對時間詞,出現「今年」,"> </div>   <small class=""input-help"">輸入您今年已使用的保險給付金額</small></div>     <button cla"
tools\dental-cost-calculator.html,繁體中文（根目錄）,相對時間詞,出現「今年」,"「您的自付額」是您需要自行支付的費用。「剩餘自付額」和「剩餘年度給付」幫助您了解今年還有多少保險額度可以使用。</div>       <div class=""ac"
tools\fence-calculator.html,繁體中文（根目錄）,年份字樣,出現「2000」,尺計算，範圍從簡單的籬笆每英尺NT$500-1000，到高級隱私柵欄每英尺NT$2000-4000以上。乘以您的周長以獲得總體預算估計。</p></article>
tools\freelance-rate.html,繁體中文（根目錄）,相對時間詞,出現「去年」,子郵件託管（NT$10-50/月）、健康保險、辦公用品、專業發展課程和設備。查看去年的銀行對帳單和信用卡賬單，以獲取準確的數字。</div></div>   <di
tools\fsa-savings-calc.html,繁體中文（根目錄）,年份字樣,出現「2025」,況的FSA繳款水平。</p><p><small>資料來源：IRS Notice 2025-67（2026年額度），2026年8月更新。</small></p></art
tools\health-deductible-calc.html,繁體中文（根目錄）,相對時間詞,出現「今年」,"> </div>   <small class=""input-help"">輸入您今年已經支付的醫療費用金額</small></div>     <button cl"
tools\hsa-contribution-calc.html,繁體中文（根目錄）,年份字樣,出現「2025」,未來的退休醫療支出。</p><p><small>資料來源：IRS Notice 2025-67（2026年度限額），2026年8月更新。</small></p></ar
tools\inflation.html,繁體中文（根目錄）,相對時間詞,出現「今年」,當通貨膨脹發生時，您的金錢購買力會下降，因為相同的金額只能購買更少的商品。例如，今年NTNT$1000能購買的商品，在5年後可能只需要NTNT$950就能購買相同的
tools\ivf-cost-calculator.html,繁體中文（根目錄）,年份字樣,出現「2000」,"r"" id=""additionalCosts"" placeholder=""例如：2000""  value=""0"" step=""100""></div> </div>"
tools\oop-maximum-calc.html,繁體中文（根目錄）,相對時間詞,出現「今年」,"""number"" id=""amountPaid"" placeholder=""輸入今年迄今的總支出""  value=""2150"" step=""0.01""></div>"
tools\oop-maximum-calc.html,繁體中文（根目錄）,相對時間詞,出現「今年」,"v> </div>   <small class=""input-help"">輸入今年迄今為止已支付的醫療費用總額</small></div>     <button"
tools\payroll-tax.html,繁體中文（根目錄）,年份字樣,出現「2024」,"a"">稅碼1257L是英國最常見的稅碼，表示您有NT$12,570的個人免稅額（2024/25年度）。L代表標準個人免稅額。如果您的稅碼不同，您的免稅額會相應調整。</"
tools\pension-vs-lump-sum.html,繁體中文（根目錄）,相對時間詞,出現「今年」,"iv> </div>   <small class=""input-help"">您今年的年齡（用於計算時間價值）</small></div>     <button"
tools\percentage-calculator.html,繁體中文（根目錄）,相對時間詞,出現「去年」,該小於或等於整體值，但在某些情況下（如增長率計算）可能會超過100%。例如，如果去年銷售額是100萬，今年是150萬，增長率就是150%。</p> <h3>常用百分
tools\percentage-calculator.html,繁體中文（根目錄）,相對時間詞,出現「今年」,在某些情況下（如增長率計算）可能會超過100%。例如，如果去年銷售額是100萬，今年是150萬，增長率就是150%。</p> <h3>常用百分比速算表</h3> <
tools\retirement.html,繁體中文（根目錄）,年份字樣,出現「2000」,月能投資的金額。這應該是您能穩定承擔的金額，無論是NTNT$500還是NTNT$2000。接著輸入預期的年報酬率，這通常取決於您的投資組合（股票、債券、基金等）。然後指
tools\roth-vs-traditional.html,繁體中文（根目錄）,年份字樣,出現「2025」,靈活地選擇提取來源。</p><p><small>資料來源：IRS Notice 2025-67（2026年度限額），2026年8月更新。</small></p></ar
tools\roth-vs-traditional.html,繁體中文（根目錄）,相對時間詞,出現「今年」,"iv> </div>   <small class=""input-help"">您今年的總收入</small> <div class=""input-group"">"
tools\roth-vs-traditional.html,繁體中文（根目錄）,相對時間詞,出現「目前的稅率」,"帳戶類型可以為您節省數十萬元。羅斯IRA和傳統IRA各有優缺點,最佳選擇取決於您目前的稅率、預期的退休稅率以及您的長期財務目標。</p><h3>傳統IRA的特點</h3>"
tools\roth-vs-traditional.html,繁體中文（根目錄）,相對時間詞,出現「目前的稅率」,"方式:您現在用稅後收入貢獻,但退休時的提取完全免稅。如果您認為您的退休稅率會高於目前的稅率,或者您想要在退休期間獲得免稅收入,羅斯IRA是一個很好的選擇。此外,羅斯IRA"
tools\solar-roi.html,繁體中文（根目錄）,相對時間詞,出現「今年」,"算考慮了能源價格通膨率，這意味著隨著時間推移，您的電費節省會逐年增加。例如，如果今年節省NT$1,500，年通膨率為2.5%，明年的節省將增加到約NT$1,538。"
tools\student-loan-refi.html,繁體中文（根目錄）,相對時間詞,出現「目前利率」,"up"">   <label for=""currentInterestRate"">目前利率</label>   <div class=""input-row""><input"
tools\student-loan-refi.html,繁體中文（根目錄）,相對時間詞,出現「目前利率」,您評估轉貸是否划算。</p><h2>何時應該轉貸</h2><p>當新利率至少低於目前利率0.5%至1%，且您計畫在損益平衡點之後保持該貸款時，轉貸最有益。如果您的信用評
tools\de\401k-contribution.html,德文,年份字樣,出現「2025」,"g sind.</p><p><small>Quelle: IRS Notice 2025-67 (Grenzwerte für 2026), aktualisiert"
tools\de\appliance-energy.html,德文,年份字樣,出現「2000」,"ir an, Sie haben einen Wasserkocher mit 2000 Watt Leistung, den Sie täglich 0,5 Stun"
tools\de\baby-growth.html,德文,年份字樣,出現「2006」,"nisation (WHO) hat ihre Wachstumsnormen 2006 aktualisiert, um die tatsächlichen Wach"
tools\de\cagr.html,德文,年份字樣,出現「2018」,">Stellen Sie sich vor, Sie investierten 2018 10.000 Euro in ein Portfolio und dieses"
tools\de\cagr.html,德文,年份字樣,出現「2023」,00 Euro in ein Portfolio und dieses war 2023 25.000 Euro wert. Mit unserem CAGR-Rech
tools\de\capital-gains-tax.html,德文,年份字樣,出現「2009」,e aus Aktien und Fonds unterliegen seit 2009 der Abgeltungsteuer mit einem einheitli
tools\de\catch-up-contribution.html,德文,年份字樣,出現「2025」,"mieren.</p><p><small>Quelle: IRS Notice 2025-67 (Grenzwerte für 2026), aktualisiert"
tools\de\company-registration.html,德文,年份字樣,出現「2015」,er (Stamp Duty) wurde in Großbritannien 2015 abgeschafft. Sie müssen diese Gebühr ni
tools\de\dental-cost-calculator.html,德文,相對時間詞,出現「dieses Jahr」,"ctibleMet"">Selbstbehalt bereits gezahlt dieses Jahr</label>   <div class=""input-row""><span"
tools\de\dental-cost-calculator.html,德文,相對時間詞,出現「dieses Jahr」,"trag des Selbstbehalts, den Sie bereits dieses Jahr gezahlt haben</small> <div class=""input"
tools\de\dental-cost-calculator.html,德文,相對時間詞,出現「dieses Jahr」,"nefitsUsed"">Bereits genutzte Leistungen dieses Jahr</label>   <div class=""input-row""><span"
tools\de\dental-cost-calculator.html,德文,相對時間詞,出現「dieses Jahr」,"jährlichen Leistungen, den Sie bereits dieses Jahr genutzt haben</small></div>     <button"
tools\de\dental-cost-calculator.html,德文,相對時間詞,出現「dieses Jahr」,"htigt automatisch, wie viel Sie bereits dieses Jahr gezahlt haben, und zeigt Ihnen, wie vie"
tools\de\electricity-cost.html,德文,年份字樣,出現「2024」,"ttliche Stromtarif in Deutschland liegt 2024 zwischen 0,25€ und 0,35€ pro kWh, abhän"
tools\de\employee-cost.html,德文,年份字樣,出現「2024」,"die Steuersätze im Rechner korrekt für 2024?</div><div class=""faq-a"">Der Rechner is"
tools\de\fsa-savings-calc.html,德文,年份字樣,出現「2025」,"echnen.</p><p><small>Quelle: IRS Notice 2025-67 (Grenzwerte für 2026), aktualisiert"
tools\de\gdpr-fine.html,德文,年份字樣,出現「2018」,"z-Grundverordnung (GDPR). Die GDPR, die 2018 in Kraft trat, ist eine der strengsten"
tools\de\health-deductible-calc.html,德文,相對時間詞,出現「dieses Jahr」,"gsbetrag und die Summe, die Sie bereits dieses Jahr ausgegeben haben. Der Rechner subtrahie"
tools\de\home-energy-audit.html,德文,年份字樣,出現「2000」,"s=""input-help"">Elektroherde verbrauchen 2000-5000W</small> <div class=""input-group"">"
tools\de\home-energy-audit.html,德文,年份字樣,出現「2000」,"asserbereiter verbrauchen normalerweise 2000-5000W</small> <div class=""input-group"">"
tools\de\hsa-contribution-calc.html,德文,年份字樣,出現「2025」,"eitrag.</p><p><small>Quelle: IRS Notice 2025-67 (Grenzwerte für 2026), aktualisiert"
tools\de\income-tax.html,德文,年份字樣,出現「2024」,nd Ihrem Behinderungsstatus ab. Im Jahr 2024 beträgt der Standardabzug für Einzelne
tools\de\ivf-cost-calculator.html,德文,年份字樣,出現「2000」,"id=""additionalCosts"" placeholder=""z.B. 2000""  value=""0"" step=""100""></div> </div>"
tools\de\late-payment-interest.html,德文,年份字樣,出現「2011」,hulden. In der EU regelt die Richtlinie 2011/7/EU die Verzugszinsen für Geschäftstra
tools\de\macro-calculator.html,德文,年份字樣,出現「2000」,"ätzte tägliche Kalorienzufuhr ein (z.B. 2000 kcal)</small> <div class=""input-group"">"
tools\de\oop-maximum-calc.html,德文,相對時間詞,出現「dieses Jahr」,"Geben Sie den Gesamtbetrag ein, den Sie dieses Jahr bereits ausgegeben haben</small></div>"
tools\de\oop-maximum-calc.html,德文,相對時間詞,出現「dieses Jahr」,"ans und den Betrag ein, den Sie bereits dieses Jahr ausgegeben haben. Der Rechner berechnet"
tools\de\payroll-tax.html,德文,年份字樣,出現「2023」,.570 pro Jahr haben (für das Steuerjahr 2023/24). Dieser Betrag kann steuerfrei verd
tools\de\payroll-tax.html,德文,年份字樣,出現「2023」,ei verdienen können. Für das Steuerjahr 2023/24 beträgt er €12.570 für die meisten A
tools\de\property-tax.html,德文,年份字樣,出現「2022」,rage kommen. Nach der Grundsteuerreform 2022 wurden die Bewertungsgrundlagen aktuali
tools\de\property-tax.html,德文,年份字樣,出現「2022」,"s=""faq-q"">Was ist die Grundsteuerreform 2022 und wie wirkt sie sich aus?</div><div c"
tools\de\property-tax.html,德文,年份字樣,出現「2022」,"div class=""faq-a"">Die Grundsteuerreform 2022 führte zu neuen Bewertungsverfahren. Fl"
tools\de\required-minimum-dist.html,德文,年份字樣,出現「2019」,r Verabschiedung des SECURE Act im Jahr 2019 wurde dieses Alter von 70½ auf 72 Jahre
tools\de\roth-vs-traditional.html,德文,年份字樣,出現「2025」,"e sein.</p><p><small>Quelle: IRS Notice 2025-67 (Grenzwerte für 2026), aktualisiert"
tools\de\roth-vs-traditional.html,德文,相對時間詞,出現「aktueller Steuersatz」,"t-group"">   <label for=""currentTaxRate"">Aktueller Steuersatz</label>   <div class=""input-row""><input"
tools\de\vat-calculator.html,德文,年份字樣,出現「2021」,m Versand gelten besondere Regeln. Seit 2021 müssen Online-Shops die MwSt.-Rate des
tools\de\work-days.html,德文,年份字樣,出現「2025」,M-DD (z.B. 2025-01-01 für den 1. Januar 2025). Der Rechner erkennt automatisch alle
tools\en\alimony-calculator.html,英文,年份字樣,出現「2018」,iction. Under current federal law (post-2018 for decrees finalized after December 31
tools\en\alimony-calculator.html,英文,年份字樣,出現「2018」,"or decrees finalized after December 31, 2018), alimony is generally not tax-deductib"
tools\en\battery-calculator.html,英文,年份字樣,出現「2000」,amount of charge a battery can store. A 2000 mAh battery can theoretically deliver 2
tools\en\battery-calculator.html,英文,年份字樣,出現「2000」,"0 mAh battery can theoretically deliver 2000 milliamps of current for one hour, or 1"
tools\en\bonus-tax.html,英文,相對時間詞,出現「current tax year」,plan whether to take your bonus in the current tax year or defer it to the next year if benefic
tools\en\carbon-footprint.html,英文,年份字樣,出現「2015」,hour from approximately 0.50 kg CO2e in 2015 to around 0.23 kg CO2e in 2023. However
tools\en\carbon-footprint.html,英文,年份字樣,出現「2023」,"CO2e in 2015 to around 0.23 kg CO2e in 2023. However, older properties with poor in"
tools\en\catch-up-contribution.html,英文,年份字樣,出現「2025」,"r ones.</p><p><small>Source: IRS Notice 2025-67 (2026 limits), updated August 2026.<"
tools\en\catch-up-contribution.html,英文,年份字樣,出現「2023」,"ct to RMDs once you reach age 73 (as of 2023, under SECURE 2.0). However, Roth IRAs"
tools\en\catch-up-contribution.html,英文,相對時間詞,出現「as of 2023」,"subject to RMDs once you reach age 73 (as of 2023, under SECURE 2.0). However, Roth IRAs"
tools\en\company-registration.html,英文,年份字樣,出現「2000」,"ies incorporated on or after 1 December 2000. However, it may still apply in other j"
tools\en\date-difference.html,英文,年份字樣,出現「2024」,"he calculator. For example, January 15, 2024 would be entered as 01/15/2024. The too"
tools\en\date-difference.html,英文,年份字樣,出現「2024」,"uary 15, 2024 would be entered as 01/15/2024. The tool will notify you if the format"
tools\en\dental-cost-calculator.html,英文,相對時間詞,出現「this year」,"=""deductibleMet"">Deductible Already Met This Year</label>   <div class=""input-row""><span"
tools\en\dental-cost-calculator.html,英文,相對時間詞,出現「this year」,"of your deductible you've already paid this year</small> <div class=""input-group"">   <la"
tools\en\dental-cost-calculator.html,英文,相對時間詞,出現「this year」,"or=""benefitsUsed"">Benefits Already Used This Year</label>   <div class=""input-row""><span"
tools\en\dental-cost-calculator.html,英文,相對時間詞,出現「this year」,"your annual benefit you've already used this year</small></div>     <button class=""btn-ca"
tools\en\freelance-rate.html,英文,相對時間詞,出現「last year」,Be comprehensive but realistic. Review last year's expenses or research typical costs in
tools\en\fsa-savings-calc.html,英文,年份字樣,出現「2025」,"penses.</p><p><small>Source: IRS Notice 2025-67 (2026 limits), updated August 2026.<"
tools\en\health-deductible-calc.html,英文,相對時間詞,出現「this year」,"ve already spent toward your deductible this year</small></div>     <button class=""btn-ca"
tools\en\health-deductible-calc.html,英文,相對時間詞,出現「this year」,ready spent on covered medical services this year. The calculator will instantly show you
tools\en\hsa-contribution-calc.html,英文,年份字樣,出現「2025」,"needs.</p><p><small>Source: IRS Notice 2025-67 (2026 limits), updated August 2026.<"
tools\en\hsa-contribution-calc.html,英文,相對時間詞,出現「this year」,"ur employer will contribute to your HSA this year</small> <div class=""input-group"">   <la"
tools\en\hsa-contribution-calc.html,英文,相對時間詞,出現「this year」,"ur employer will contribute to your HSA this year. Finally, indicate whether you will be"
tools\en\ivf-cost-calculator.html,英文,年份字樣,出現「2000」,"id=""additionalCosts"" placeholder=""e.g., 2000""  value=""0"" step=""100""></div> </div>"
tools\en\medical-cost-estimator.html,英文,相對時間詞,出現「this year」,"ther you've already met your deductible this year. If you've met it, your procedure cost"
tools\en\mortgage-refinance.html,英文,相對時間詞,出現「current interest rate」,"up"">   <label for=""currentInterestRate"">Current Interest Rate</label>   <div class=""input-row""><input"
tools\en\oop-maximum-calc.html,英文,相對時間詞,出現「this year」,"ntPaid"" placeholder=""Total spent so far this year""  value=""2150"" step=""0.01""></div> </div"
tools\en\oop-maximum-calc.html,英文,相對時間詞,出現「this year」,"already paid toward healthcare expenses this year</small></div>     <button class=""btn-ca"
tools\en\oop-maximum-calc.html,英文,相對時間詞,出現「this year」,ready spent on covered medical services this year. The calculator will instantly show you
tools\en\required-minimum-dist.html,英文,年份字樣,出現「2023」,"Rules and Age Requirements</h2><p>As of 2023, the age at which you must begin taking"
tools\en\required-minimum-dist.html,英文,年份字樣,出現「2023」,r following the year you turn 73 (as of 2023). This initial deadline is called the R
tools\en\required-minimum-dist.html,英文,相對時間詞,出現「as of 2023」,"2>RMD Rules and Age Requirements</h2><p>As of 2023, the age at which you must begin taking"
tools\en\required-minimum-dist.html,英文,相對時間詞,出現「as of 2023」,he year following the year you turn 73 (as of 2023). This initial deadline is called the R
tools\en\roth-vs-traditional.html,英文,年份字樣,出現「2025」,"uation.</p><p><small>Source: IRS Notice 2025-67 (2026 limits), updated August 2026.<"
tools\en\startup-valuation.html,英文,年份字樣,出現「2021」,"ples. What was a typical 8x multiple in 2021 might be 5x in 2024, so always use curr"
tools\en\startup-valuation.html,英文,年份字樣,出現「2024」,"ical 8x multiple in 2021 might be 5x in 2024, so always use current market data when"
tools\en\student-loan-refi.html,英文,相對時間詞,出現「current interest rate」,"up"">   <label for=""currentInterestRate"">Current Interest Rate</label>   <div class=""input-row""><input"
tools\en\term-vs-whole-life.html,英文,相對時間詞,出現「current interest rate」,"elsewhere, typically 3-7% depending on current interest rates and investment opportunities. A common"
tools\es\401k-contribution.html,西班牙文,年份字樣,出現「2025」,"lación.</p><p><small>Fuente: IRS Notice 2025-67 (límites de 2026), actualizado en ag"
tools\es\baby-growth.html,西班牙文,年份字樣,出現「2006」,está basada en estándares de la OMS de 2006 para menores de 5 años.</p></article>
tools\es\battery-calculator.html,西班牙文,年份字樣,出現「2000」,". Por ejemplo, si tienes una batería de 2000 mAh y tu dispositivo consume 500 mA, la"
tools\es\catch-up-contribution.html,西班牙文,年份字樣,出現「2025」,"lmente.</p><p><small>Fuente: IRS Notice 2025-67 (límites de 2026), actualizado en ag"
tools\es\court-fee.html,西班牙文,年份字樣,出現「2016」,"gnifica esto?</strong> Desde la STC 140/2016, las personas físicas no pagan tasa jud"
tools\es\court-fee.html,西班牙文,年份字樣,出現「2016」,"ntencia del Tribunal Constitucional 140/2016 y el Real Decreto-ley 1/2015, <strong>l"
tools\es\court-fee.html,西班牙文,年份字樣,出現「2015」,"cional 140/2016 y el Real Decreto-ley 1/2015, <strong>las personas físicas (particul"
tools\es\court-fee.html,西班牙文,年份字樣,出現「2012」,e familia y menores. Consulta la Ley 10/2012 y sus modificaciones para el listado co
tools\es\court-fee.html,西班牙文,年份字樣,出現「2016」,No. El Tribunal Constitucional (STC 140/2016) declaró inconstitucional cobrar tasas
tools\es\court-fee.html,西班牙文,年份字樣,出現「2015」,"rsonas físicas, y el Real Decreto-ley 1/2015 confirmó su exención total. Si eres par"
tools\es\customs-duty.html,西班牙文,年份字樣,出現「2021」,"Lo que Debes Saber</h2> <p>Desde julio 2021, la UE eliminó la exención de IVA para"
tools\es\dental-cost-calculator.html,西班牙文,相對時間詞,出現「este año」,"for=""deductibleMet"">Deducible Cubierto Este Año</label>   <div class=""input-row""><span"
tools\es\dental-cost-calculator.html,西班牙文,相對時間詞,出現「este año」,"antidad del deducible que ya has pagado este año</small> <div class=""input-group"">   <la"
tools\es\dental-cost-calculator.html,西班牙文,相對時間詞,出現「este año」,"or=""benefitsUsed"">Beneficios Utilizados Este Año</label>   <div class=""input-row""><span"
tools\es\dental-cost-calculator.html,西班牙文,相對時間詞,出現「este año」,"idad de beneficios que ya has utilizado este año</small></div>     <button class=""btn-ca"
tools\es\dental-cost-calculator.html,西班牙文,相對時間詞,出現「este año」,"cuánto de tu deducible ya has cubierto este año, ya que esto afectará significativament"
tools\es\freelance-rate.html,西班牙文,年份字樣,出現「2000」,smo trabajar 1200 horas facturables que 2000. Necesitas ser realista sobre cuántas h
tools\es\freelance-rate.html,西班牙文,年份字樣,出現「2000」,"semanales, 50 semanas al año, obtienes 2000 horas potenciales. Sin embargo, de esas"
tools\es\freelance-rate.html,西班牙文,年份字樣,出現「2000」,"horas potenciales. Sin embargo, de esas 2000 horas, típicamente solo entre el 60-70%"
tools\es\fsa-savings-calc.html,西班牙文,年份字樣,出現「2025」,"erable.</p><p><small>Fuente: IRS Notice 2025-67 (límites de 2026), actualizado en ag"
tools\es\gdpr-fine.html,西班牙文,年份字樣,出現「2018」,"PR, que entró en vigor el 25 de mayo de 2018, establece normas estrictas para la pro"
tools\es\generator-size.html,西班牙文,年份字樣,出現「2000」,"adores portátiles típicamente varían de 2000 a 7500 W, siendo ideales para necesidad"
tools\es\health-deductible-calc.html,西班牙文,相對時間詞,出現「este año」,"que ya has gastado en servicios médicos este año</small></div>     <button class=""btn-ca"
tools\es\home-energy-audit.html,西班牙文,年份字樣,出現「2000」,"eléctrico en vatios, típicamente entre 2000-5000W</small> <div class=""input-group"">"
tools\es\hsa-contribution-calc.html,西班牙文,年份字樣,出現「2025」,"su HSA.</p><p><small>Fuente: IRS Notice 2025-67 (límites de 2026), actualizado en ag"
tools\es\income-tax.html,西班牙文,年份字樣,出現「2024」,"ja que reduce tu ingreso gravable. Para 2024, la deducción estándar para Solteros es"
tools\es\ivf-cost-calculator.html,西班牙文,年份字樣,出現「2000」,"id=""additionalCosts"" placeholder=""ej., 2000""  value=""0"" step=""100""></div> </div>"
tools\es\mortgage-refinance.html,西班牙文,相對時間詞,出現「tasa actual」,"e, idealmente 1% o más por debajo de tu tasa actual, para asegurar que el ahorro justifique"
tools\es\mortgage-refinance.html,西班牙文,相對時間詞,出現「tasa actual」,"han bajado al menos 1% por debajo de tu tasa actual, y planeas permanecer en la propiedad e"
tools\es\oop-maximum-calc.html,西班牙文,相對時間詞,出現「este año」,"te queda por gastar en atención médica este año.""> <meta name=""robots"" content=""index,"
tools\es\oop-maximum-calc.html,西班牙文,相對時間詞,出現「este año」,"d"" placeholder=""Gasto total hasta ahora este año""  value=""2150"" step=""0.01""></div> </div"
tools\es\oop-maximum-calc.html,西班牙文,相對時間詞,出現「este año」,"tal de gastos médicos que ya has pagado este año</small></div>     <button class=""btn-ca"
tools\es\payroll-tax.html,西班牙文,年份字樣,出現「2024」,dar para la mayoría de los empleados en 2024). Si tienes un reembolso de préstamo es
tools\es\payroll-tax.html,西班牙文,年份字樣,出現「2024」,"bre de impuestos. Por ejemplo, 1257L en 2024-25 significa que puedes ganar €12,570 l"
tools\es\payroll-tax.html,西班牙文,年份字樣,出現「2024」,"de un umbral (€12,570 para empleados en 2024-25). Pagas aproximadamente el 8% de tus"
tools\es\pip-value.html,西班牙文,相對時間詞,出現「tasa actual」,"ue deseas operar el par EUR/USD con una tasa actual de 1.0850 y un lote de 50,000 unidades."
tools\es\premium-vs-hdhp.html,西班牙文,年份字樣,出現「2024」,"HSA en 2026?</div><div class=""faq-a"">En 2024, puedes contribuir hasta $4,400 si tien"
tools\es\rent-vs-buy.html,西班牙文,相對時間詞,出現「este año」,"valor neto de la propiedad). Después de este año, comprar generalmente es más ventajoso"
tools\es\roth-vs-traditional.html,西班牙文,年份字樣,出現「2025」,"lación.</p><p><small>Fuente: IRS Notice 2025-67 (límites de 2026), actualizado en ag"
tools\es\stock-split.html,西班牙文,年份字樣,出現「2014」,sado. Apple ejecutó una división 7:1 en 2014 y una división 4:1 en 2020. Tesla reali
tools\es\stock-split.html,西班牙文,年份字樣,出現「2020」,isión 7:1 en 2014 y una división 4:1 en 2020. Tesla realizó una división 5:1 en 2022
tools\es\stock-split.html,西班牙文,年份字樣,出現「2022」,2020. Tesla realizó una división 5:1 en 2022. Estas divisiones fueron anunciadas par
tools\fr\401k-contribution.html,法文,年份字樣,出現「2025」,"recte.</p><p><small>Source : IRS Notice 2025-67 (limites pour 2026), mis à jour en a"
tools\fr\baby-growth.html,法文,年份字樣,出現「2006」,nts. Ces normes ont été mises à jour en 2006 et sont basées sur les données de plus
tools\fr\battery-calculator.html,法文,年份字樣,出現「2000」,"r exemple, si vous avez une batterie de 2000 mAh et que votre appareil consomme 500"
tools\fr\catch-up-contribution.html,法文,年份字樣,出現「2025」,"elles.</p><p><small>Source : IRS Notice 2025-67 (limites pour 2026), mis à jour en a"
tools\fr\currency-converter.html,法文,相對時間詞,出現「taux actuel」,"lass=""faq-a"">Le taux au comptant est le taux actuel pour l'échange immédiat de devises, tan"
tools\fr\date-difference.html,法文,年份字樣,出現「2024」,"mat JJ/MM/AAAA. Par exemple, le 15 mars 2024 s'écrirait 15/03/2024. Assurez-vous que"
tools\fr\date-difference.html,法文,年份字樣,出現「2024」,"emple, le 15 mars 2024 s'écrirait 15/03/2024. Assurez-vous que vos dates sont correc"
tools\fr\debt-consolidation.html,法文,相對時間詞,出現「taux actuel」,"prêt est inférieur à la moyenne de vos taux actuels, vous réaliserez des économies substan"
tools\fr\dental-cost-calculator.html,法文,相對時間詞,出現「cette année」,"or=""deductibleMet"">Franchise Déjà Payée Cette Année</label>   <div class=""input-row""><span"
tools\fr\dental-cost-calculator.html,法文,相對時間詞,出現「cette année」,"enefitsUsed"">Prestations Déjà Utilisées Cette Année</label>   <div class=""input-row""><span"
tools\fr\dental-cost-calculator.html,法文,相對時間詞,出現「cette année」,"restations que vous avez déjà utilisées cette année</small></div>     <button class=""btn-ca"
tools\fr\dental-cost-calculator.html,法文,相對時間詞,出現「cette année」,"ien votre assurance peut encore couvrir cette année.</div>       <div class=""action-bar"">"
tools\fr\dental-cost-calculator.html,法文,相對時間詞,出現「cette année」,e et le montant que vous avez déjà payé cette année. Si vous avez commencé votre année civi
tools\fr\effective-tax-rate.html,法文,相對時間詞,出現「cette année」,"nt total des impôts que vous avez payés cette année</small></div>     <button class=""btn-ca"
tools\fr\electricity-cost.html,法文,年份字樣,出現「2024」,"fournisseur et le type de contrat. Pour 2024, les tarifs TTC (taxes incluses) oscill"
tools\fr\fsa-savings-calc.html,法文,年份字樣,出現「2025」,"ement.</p><p><small>Source : IRS Notice 2025-67 (limites pour 2026), mis à jour en a"
tools\fr\health-deductible-calc.html,法文,相對時間詞,出現「cette année」,"ous avez déjà dépensé en frais médicaux cette année</small></div>     <button class=""btn-ca"
tools\fr\home-energy-audit.html,法文,年份字樣,出現「2000」,"four électrique en watts (généralement 2000-5000W)</small> <div class=""input-group"""
tools\fr\home-energy-audit.html,法文,年份字樣,出現「2000」,"la climatisation en watts (généralement 2000-5000W)</small> <div class=""input-group"""
tools\fr\home-energy-audit.html,法文,年份字樣,出現「2024」,"e 0,28€/kWh en France métropolitaine en 2024). L'outil identifie également votre pri"
tools\fr\home-energy-audit.html,法文,年份字樣,出現「2024」,"reflètent les tarifs moyens français de 2024. Cependant, les tarifs varient selon vo"
tools\fr\hsa-contribution-calc.html,法文,年份字樣,出現「2025」,"argne.</p><p><small>Source : IRS Notice 2025-67 (limites pour 2026), mis à jour en a"
tools\fr\income-tax.html,法文,年份字樣,出現「2024」,"fs qui augmentent avec votre revenu. En 2024, les taux d'imposition fédéraux varient"
tools\fr\ivf-cost-calculator.html,法文,年份字樣,出現「2000」,""" id=""additionalCosts"" placeholder=""ex. 2000""  value=""0"" step=""100""></div> </div>"
tools\fr\landed-cost.html,法文,年份字樣,出現「2020」,xplorez différents incoterms (Incoterms 2020) pour déterminer qui supporte quel coût
tools\fr\medical-tourism-saving.html,法文,年份字樣,出現「2000」,"exemple, un implant dentaire qui coûte 2000€ en France peut ne coûter que 600€ en T"
tools\fr\minimum-wage.html,法文,年份字樣,出現「2009」,"e minimum fédéral n'a pas changé depuis 2009, bien que de nombreux états et villes m"
tools\fr\mortgage-refinance.html,法文,相對時間詞,出現「taux actuel」,"st au moins 0,5% à 1% inférieur à votre taux actuel et si vous prévoyez de rester dans votr"
tools\fr\oop-maximum-calc.html,法文,相對時間詞,出現「cette année」,"ceholder=""Total dépensé jusqu'à présent cette année""  value=""2150"" step=""0.01""></div> </div"
tools\fr\oop-maximum-calc.html,法文,相對時間詞,出現「cette année」,"que vous avez dépensé en frais médicaux cette année</small></div>     <button class=""btn-ca"
tools\fr\oop-maximum-calc.html,法文,相對時間詞,出現「cette année」,0 % des frais admissibles restants pour cette année. Cela offre une protection importante c
tools\fr\oop-maximum-calc.html,法文,相對時間詞,出現「cette année」,s de santé admissibles pour le reste de cette année civile. Vous n'avez plus à payer de cop
tools\fr\retirement-age.html,法文,年份字樣,出現「2009」,"ans pour les personnes nées à partir de 2009. Cependant, cette limite a augmenté pro"
tools\fr\retirement-age.html,法文,年份字樣,出現「2009」,ans pour les personnes nées à partir de 2009. Cet âge a augmenté progressivement dep
tools\fr\retirement-age.html,法文,年份字樣,出現「2023」,"t âge a augmenté progressivement depuis 2023. Cependant, vous pouvez être éligible à"
tools\fr\roth-vs-traditional.html,法文,年份字樣,出現「2025」,"lière.</p><p><small>Source : IRS Notice 2025-67 (limites pour 2026), mis à jour en a"
tools\fr\roth-vs-traditional.html,法文,相對時間詞,出現「cette année」,"erez les impôts sur le montant converti cette année-là, mais le solde croît ensuite sans im"
tools\fr\sharpe-ratio.html,法文,相對時間詞,出現「taux actuel」,AT) sont souvent utilisés. Vérifiez les taux actuels sur les sites financiers officiels.</d
tools\fr\solar-panel-count.html,法文,年份字樣,出現「2024」,"avec vente du surplus. Le tarif actuel (2024) est d'environ 0,13 euros/kWh. Vous ave"
tools\fr\take-home-pay.html,法文,相對時間詞,出現「taux actuel」,ieur. Il est recommandé de vérifier les taux actuels auprès de votre administration fiscale
tools\fr\word-count.html,法文,年份字樣,出現「2024」,"es isolés comme des mots. Par exemple, ""2024"" sera compté comme un mot. Cependant, l"
tools\fr\youtube-revenue.html,法文,相對時間詞,出現「taux actuel」,"jections calculées en fonction de votre taux actuel, qui peut varier selon les mois.</div>"
tools\fr\youtube-revenue.html,法文,相對時間詞,出現「taux actuel」,"ensuelles et annuelles basées sur votre taux actuel, ce qui peut vous aider à prévoir vos g"
tools\id\401k-contribution.html,印尼文,年份字樣,出現「2025」,"ensiun.</p><p><small>Sumber: IRS Notice 2025-67 (batas 2026), diperbarui Agustus 202"
tools\id\battery-calculator.html,印尼文,年份字樣,出現「2000」,"pan baterai tersebut. Misalnya, baterai 2000 mAh dapat menyimpan dua kali lebih bany"
tools\id\battery-calculator.html,印尼文,年份字樣,出現「2000」,"a, jika baterai Anda memiliki kapasitas 2000 mAh dan perangkat mengkonsumsi 500 mA,"
tools\id\battery-calculator.html,印尼文,年份字樣,出現「2000」,"sumsi 500 mA, maka daya tahannya adalah 2000 ÷ 500 = 4 jam. Kalkulator kami melakuka"
tools\id\cagr.html,印尼文,年份字樣,出現「2009」,"h (25.000.000/10.000.000)^(1/5) - 1 = 0,2009 atau 20,09% per tahun.</p></article>"
tools\id\cagr.html,印尼文,年份字樣,出現「2019」,"saham sebesar Rp 10.000.000 pada tahun 2019. Di akhir tahun 2024, nilai investasi A"
tools\id\cagr.html,印尼文,年份字樣,出現「2024」,"000.000 pada tahun 2019. Di akhir tahun 2024, nilai investasi Anda menjadi Rp 25.000"
tools\id\catch-up-contribution.html,印尼文,年份字樣,出現「2025」,"i Anda.</p><p><small>Sumber: IRS Notice 2025-67 (batas 2026), diperbarui Agustus 202"
tools\id\catch-up-contribution.html,印尼文,相對時間詞,出現「tahun ini」,rarti Anda membayar lebih sedikit pajak tahun ini. Kedua-duanya memungkinkan uang Anda tu
tools\id\court-fee.html,印尼文,年份字樣,出現「2014」,"mpu secara ekonomi, PERMA Nomor 1 Tahun 2014 mengatur mekanisme berperkara secara cu"
tools\id\court-fee.html,印尼文,年份字樣,出現「2014」,"uma (prodeo) sesuai PERMA Nomor 1 Tahun 2014, dengan melampirkan surat keterangan ti"
tools\id\dental-cost-calculator.html,印尼文,相對時間詞,出現「tahun ini」,"deductibleMet"">Franshise Sudah Terbayar Tahun Ini</label>   <div class=""input-row""><span"
tools\id\dental-cost-calculator.html,印尼文,相對時間詞,出現「tahun ini」,"nyak franshise yang sudah Anda bayarkan tahun ini</small> <div class=""input-group"">   <la"
tools\id\dental-cost-calculator.html,印尼文,相對時間詞,出現「tahun ini」,"=""benefitsUsed"">Manfaat Sudah Digunakan Tahun Ini</label>   <div class=""input-row""><span"
tools\id\dental-cost-calculator.html,印尼文,相對時間詞,出現「tahun ini」,"anfaat asuransi yang sudah Anda gunakan tahun ini</small></div>     <button class=""btn-ca"
tools\id\dental-cost-calculator.html,印尼文,相對時間詞,出現「tahun ini」,"berapa banyak yang sudah Anda bayarkan tahun ini. Terakhir, masukkan batas manfaat tahun"
tools\id\fsa-savings-calc.html,印尼文,年份字樣,出現「2025」,"A Anda.</p><p><small>Sumber: IRS Notice 2025-67 (batas 2026), diperbarui Agustus 202"
tools\id\gas-bill.html,印尼文,相對時間詞,出現「tarif saat ini」,"aan ini bersifat pendekatan berdasarkan tarif saat ini.</div></div>   <div class=""faq-item""><d"
tools\id\gdpr-fine.html,印尼文,年份字樣,出現「2018」,"i individu. Sejak diberlakukan pada Mei 2018, GDPR telah menetapkan standar ketat un"
tools\id\health-deductible-calc.html,印尼文,相對時間詞,出現「tahun ini」,"aya kesehatan yang sudah Anda keluarkan tahun ini</small></div>     <button class=""btn-ca"
tools\id\health-deductible-calc.html,印尼文,相對時間詞,出現「tahun ini」,akan untuk layanan kesehatan sejauh ini tahun ini. Kalkulator akan secara otomatis menghi
tools\id\home-energy-audit.html,印尼文,年份字樣,出現「2000」,"-help"">Daya oven listrik Anda, biasanya 2000-5000W</small> <div class=""input-group"">"
tools\id\home-energy-audit.html,印尼文,年份字樣,出現「2000」,"""input-help"">Daya pemanas air, biasanya 2000-5000W</small> <div class=""input-group"">"
tools\id\home-energy-audit.html,印尼文,年份字樣,出現「2000」,"ass=""input-help"">Daya AC Anda, biasanya 2000-5000W</small> <div class=""input-group"">"
tools\id\home-energy-audit.html,印尼文,年份字樣,出現「2000」,"n yang sangat boros energi, mengonsumsi 2000-5000 watt saat beroperasi.</p><p>Untuk"
tools\id\hsa-contribution-calc.html,印尼文,年份字樣,出現「2025」,"syarat.</p><p><small>Sumber: IRS Notice 2025-67 (batas 2026), diperbarui Agustus 202"
tools\id\ivf-cost-calculator.html,印尼文,年份字樣,出現「2000」,"id=""additionalCosts"" placeholder=""cth., 2000""  value=""0"" step=""100""></div> </div>"
tools\id\mortgage-refinance.html,印尼文,相對時間詞,出現「suku bunga saat ini」,"up"">   <label for=""currentInterestRate"">Suku Bunga Saat Ini</label>   <div class=""input-row""><input"
tools\id\mortgage-refinance.html,印尼文,相對時間詞,出現「suku bunga saat ini」,"daknya 0,5% hingga 1% lebih rendah dari suku bunga saat ini, penghematan bunga melebihi biaya penut"
tools\id\oop-maximum-calc.html,印尼文,相對時間詞,出現「tahun ini」,"lder=""Total pengeluaran hingga saat ini tahun ini""  value=""2150"" step=""0.01""></div> </div"
tools\id\oop-maximum-calc.html,印尼文,相對時間詞,出現「tahun ini」,"ng sudah Anda keluarkan hingga saat ini tahun ini</small></div>     <button class=""btn-ca"
tools\id\oop-maximum-calc.html,印尼文,相對時間詞,出現「tahun ini」,ia dalam batas biaya pribadi Anda untuk tahun ini. Persentase yang ditampilkan membantu A
tools\id\oop-maximum-calc.html,印尼文,相對時間詞,出現「tahun ini」,dan persentase sisa yang tersedia untuk tahun ini.</p><h2>Perencanaan Keuangan Kesehatan<
tools\id\overtime-calculator.html,印尼文,年份字樣,出現「2021」,"arkan Peraturan Pemerintah No. 36 Tahun 2021, upah lembur dihitung sebagai berikut:"
tools\id\overtime-calculator.html,印尼文,年份字樣,出現「2021」,"arkan Peraturan Pemerintah No. 36 Tahun 2021. Untuk lembur pada hari kerja, 4 jam pe"
tools\id\overtime-limit.html,印尼文,年份字樣,出現「2003」,"bur yang ketat. Menurut UU No. 13 Tahun 2003, jam kerja normal adalah 40 jam per min"
tools\id\overtime-limit.html,印尼文,年份字樣,出現「2003」,"Ketenagakerjaan Indonesia No. 13 Tahun 2003, jam lembur dibatasi maksimal 3 jam per"
tools\id\payroll-tax.html,印尼文,年份字樣,出現「2023」,1257L adalah standar untuk tahun pajak 2023/24 dan memberi Anda tunjangan pribadi t
tools\id\refinance-break-even.html,印尼文,相對時間詞,出現「suku bunga saat ini」,"ansi. Pertama, perhatikan kondisi pasar suku bunga saat ini dan tren masa depan yang diproyeksikan."
tools\id\rent-vs-buy.html,印尼文,相對時間詞,出現「tahun ini」,"n membeli dibandingkan menyewa. Sebelum tahun ini, menyewa mungkin lebih hemat; setelahny"
tools\id\required-minimum-dist.html,印尼文,年份字樣,出現「2023」,"Persyaratan Dasar</h2><p>Mulai Januari 2023, usia mulai untuk RMD adalah 73 tahun u"
tools\id\required-minimum-dist.html,印尼文,年份字樣,出現「2023」,"dividu yang mencapai usia 72 tahun pada 2023 atau nanti, berdasarkan undang-undang S"
tools\id\required-minimum-dist.html,印尼文,年份字樣,出現「2023」,"MD?</div><div class=""faq-a"">Mulai tahun 2023, Anda harus mulai mengambil RMD pada us"
tools\id\required-minimum-dist.html,印尼文,年份字樣,出現「2023」,"ika Anda mencapai usia 72 tahun sebelum 2023, usia awal tetap 72 tahun untuk Anda. R"
tools\id\roth-vs-traditional.html,印尼文,年份字樣,出現「2025」,"tepat.</p><p><small>Sumber: IRS Notice 2025-67 (batas 2026), diperbarui Agustus 202"
tools\id\roth-vs-traditional.html,印尼文,相對時間詞,出現「tahun ini」,"dikurangkan dari pajak penghasilan Anda tahun ini, yang berarti Anda membayar pajak lebih"
tools\id\roth-vs-traditional.html,印尼文,相對時間詞,出現「tahun ini」,"ang berarti tidak ada pengurangan pajak tahun ini. Namun, keuntungan besar adalah semua p"
tools\id\roth-vs-traditional.html,印尼文,相對時間詞,出現「tahun ini」,"mengurangi penghasilan kena pajak Anda tahun ini, sambil memberikan kontribusi ke Roth I"
tools\id\statute-of-limitations.html,印尼文,年份字樣,出現「2024」,"ya, jika cedera terjadi pada 15 Januari 2024 dan periode limitasi adalah 3 tahun, ma"
tools\id\vat-calculator.html,印尼文,年份字樣,出現「2022」,"arif PPN standar adalah 11% sejak tahun 2022, meskipun ada beberapa kategori barang"
tools\id\work-days.html,印尼文,年份字樣,出現「2025」,liki proyek yang dimulai dari 1 Januari 2025 hingga 31 Maret 2025. Anda perlu menget
tools\id\work-days.html,印尼文,年份字樣,出現「2025」,lai dari 1 Januari 2025 hingga 31 Maret 2025. Anda perlu mengetahui berapa hari kerj
tools\id\work-days.html,印尼文,年份字樣,出現「2025」,). Contohnya: 2025-03-15 untuk 15 Maret 2025. Format ini memastikan kalkulator memba
tools\id\working-capital.html,印尼文,相對時間詞,出現「tahun ini」,hutang jangka panjang yang jatuh tempo tahun ini. Manajemen kewajiban lancar yang efisie
tools\ja\401k-contribution.html,日文,年份字樣,出現「2025」,貯蓄に役立ててください。</p><p><small>出典：IRS Notice 2025-67（2026年の上限額）、2026年8月更新。</small></p></a
tools\ja\age-calculator.html,日文,相對時間詞,出現「今年」,"ass=""faq-item""><div class=""faq-q"">次の誕生日が今年の場合と来年の場合で計算は変わりますか？</div><div class=""fa"
tools\ja\age-calculator.html,日文,相對時間詞,出現「今年」,"ますか？</div><div class=""faq-a"">自動的に判定されます。今年の誕生日がまだ来ていない場合は今年の誕生日までの日数を、すでに過ぎている場合は来"
tools\ja\age-calculator.html,日文,相對時間詞,出現「今年」,"ass=""faq-a"">自動的に判定されます。今年の誕生日がまだ来ていない場合は今年の誕生日までの日数を、すでに過ぎている場合は来年の誕生日までの日数を表示します。"
tools\ja\bonus-tax.html,日文,相對時間詞,出現「現在の税率」,"問い合わせてください。HM Revenue & Customsのウェブサイトでも現在の税率情報が公開されています。</div></div>   <div class=""f"
tools\ja\catch-up-contribution.html,日文,年份字樣,出現「2025」,じルールが適用されます。</p><p><small>出典：IRS Notice 2025-67（2026年の上限額）、2026年8月更新。</small></p></a
tools\ja\dental-cost-calculator.html,日文,相對時間詞,出現「今年」,"ut-group"">   <label for=""deductibleMet"">今年既に満たした控除額</label>   <div class=""input-ro"
tools\ja\dental-cost-calculator.html,日文,相對時間詞,出現「今年」,"div> </div>   <small class=""input-help"">今年すでに支払った控除額の合計</small> <div class=""input-"
tools\ja\dental-cost-calculator.html,日文,相對時間詞,出現「今年」,"put-group"">   <label for=""benefitsUsed"">今年既に使用した給付額</label>   <div class=""input-ro"
tools\ja\dental-cost-calculator.html,日文,相對時間詞,出現「今年」,"div> </div>   <small class=""input-help"">今年すでに使用した給付額の合計</small></div>     <button"
tools\ja\dental-cost-calculator.html,日文,相對時間詞,出現「今年」,する額と自己負担額から、実際の負担金を確認できます。残りの控除額と給付額により、今年度の保険の残枠を把握することで、今後の治療計画を立てるのに役立ちます。</div
tools\ja\dental-cost-calculator.html,日文,相對時間詞,出現「今年」,外の部分を合わせた金額です。「残りの控除額」と「残りの給付額」を確認することで、今年度の保険の残枠を把握できます。</p></article>   <div cla
tools\ja\dental-cost-calculator.html,日文,相對時間詞,出現「今年」,"div class=""faq-item""><div class=""faq-q"">今年既に使用した給付額をどう確認しますか？</div><div class=""faq"
tools\ja\dental-cost-calculator.html,日文,相對時間詞,出現「今年」,"した給付額をどう確認しますか？</div><div class=""faq-a"">今年既に使用した給付額は、過去の治療領収書や保険会社の給付通知書で確認できます。わか"
tools\ja\fsa-savings-calc.html,日文,年份字樣,出現「2025」,決定することが重要です。</p><p><small>出典：IRS Notice 2025-67（2026年の上限額）、2026年8月更新。</small></p></a
tools\ja\health-deductible-calc.html,日文,相對時間詞,出現「今年」,額の欄に、保険契約書に記載されている控除額を入力します。現在までの支払額の欄に、今年度中に医療費として支払った合計金額を入力してください。すると、残り控除額と使用済
tools\ja\hsa-contribution-calc.html,日文,年份字樣,出現「2025」,決定することが重要です。</p><p><small>出典：IRS Notice 2025-67（2026年の上限額）、2026年8月更新。</small></p></a
tools\ja\oop-maximum-calc.html,日文,相對時間詞,出現「今年」,"e=""number"" id=""amountPaid"" placeholder=""今年の支払い合計""  value=""2150"" step=""0.01""></div>"
tools\ja\oop-maximum-calc.html,日文,相對時間詞,出現「今年」,"div> </div>   <small class=""input-help"">今年すでに医療費として支払った合計金額を入力してください</small></div>"
tools\ja\oop-maximum-calc.html,日文,相對時間詞,出現「今年」,。まず、お客様の保険プランに記載されている年間自己負担上限額を入力します。次に、今年すでに医療費として支払った合計金額を入力します。計算機は自動的に残りの自己負担額
tools\ja\roth-vs-traditional.html,日文,年份字樣,出現「2025」,退職計画が立てられます。</p><p><small>出典：IRS Notice 2025-67（2026年の上限額）、2026年8月更新。</small></p></a
tools\ja\roth-vs-traditional.html,日文,相對時間詞,出現「現在の税率」,"t-group"">   <label for=""currentTaxRate"">現在の税率区分</label>   <div class=""input-row""><inp"
tools\ja\roth-vs-traditional.html,日文,相對時間詞,出現「現在の税率」,p><h2>税率が重要な要因</h2><p>ロースIRAと従来型IRAの選択は、現在の税率と退職時の予想税率の比較に基づいています。現在の税率が将来の税率より低い場合、従
tools\ja\roth-vs-traditional.html,日文,相對時間詞,出現「現在の税率」,RAと従来型IRAの選択は、現在の税率と退職時の予想税率の比較に基づいています。現在の税率が将来の税率より低い場合、従来型IRAが有利な場合があります。逆に、現在の税率が
tools\ja\roth-vs-traditional.html,日文,相對時間詞,出現「現在の税率」,。現在の税率が将来の税率より低い場合、従来型IRAが有利な場合があります。逆に、現在の税率が高い場合、ロースIRAへの拠出で現在の税金を支払うことで、将来の非課税利益を得
tools\ja\roth-vs-traditional.html,日文,相對時間詞,出現「現在の税率」,"きかはどのように判断しますか？</div><div class=""faq-a"">現在の税率と退職時の予想税率を比較してください。現在の税率が低い場合はロースIAを、現在の"
tools\ja\roth-vs-traditional.html,日文,相對時間詞,出現「現在の税率」,"v class=""faq-a"">現在の税率と退職時の予想税率を比較してください。現在の税率が低い場合はロースIAを、現在の税率が高い場合は従来型IRAを選ぶ傾向があります"
tools\ja\roth-vs-traditional.html,日文,相對時間詞,出現「現在の税率」,の税率と退職時の予想税率を比較してください。現在の税率が低い場合はロースIAを、現在の税率が高い場合は従来型IRAを選ぶ傾向があります。また、若いほどロースIRAの非課税
tools\ja\therapy-cost-calc.html,日文,年份字樣,出現「2000」,"r"" id=""copayPerSession"" placeholder=""例: 2000""  value=""0"" step=""0.01""></div> </div>"
tools\ko\401k-contribution.html,韓文,年份字樣,出現「2025」,"는 것이 중요합니다.</p><p><small>출처: IRS Notice 2025-67(2026년 한도), 2026년 8월 업데이트.</small></p"
tools\ko\catch-up-contribution.html,韓文,年份字樣,出現「2025」,"대시킬 수 있습니다.</p><p><small>출처: IRS Notice 2025-67(2026년 한도), 2026년 8월 업데이트.</small></p"
tools\ko\dental-cost-calculator.html,韓文,相對時間詞,出現「올해」,"ut-group"">   <label for=""deductibleMet"">올해 이미 충족된 공제액</label>   <div class=""input-"
tools\ko\dental-cost-calculator.html,韓文,相對時間詞,出現「올해」,"div> </div>   <small class=""input-help"">올해 이미 공제액으로 처리된 금액을 입력하세요</small> <div cla"
tools\ko\dental-cost-calculator.html,韓文,相對時間詞,出現「올해」,"put-group"">   <label for=""benefitsUsed"">올해 이미 사용된 보장액</label>   <div class=""input-"
tools\ko\dental-cost-calculator.html,韓文,相對時間詞,出現「올해」,"div> </div>   <small class=""input-help"">올해 보험에서 이미 지급한 금액을 입력하세요</small></div>"
tools\ko\dental-cost-calculator.html,韓文,相對時間詞,出現「올해」,담액은 직접 지불해야 할 금액입니다. 남은 공제액과 남은 연간 보장액은 올해 남은 보험 혜택을 나타냅니다.</div>       <div class
tools\ko\dental-cost-calculator.html,韓文,相對時間詞,出現「올해」,알면 여러 치료 옵션 중 가장 경제적인 선택을 할 수 있습니다. 또한 올해 남은 보험 혜택을 고려하여 치료 시기를 결정할 수도 있습니다.</p><
tools\ko\effective-tax-rate.html,韓文,相對時間詞,出現「올해」,"div> </div>   <small class=""input-help"">올해 벌어들인 전체 소득을 입력하세요</small> <div class=""i"
tools\ko\effective-tax-rate.html,韓文,相對時間詞,出現「올해」,"div> </div>   <small class=""input-help"">올해 납부한 모든 세금의 합계를 입력하세요</small></div>"
tools\ko\ev-vs-gas.html,韓文,相對時間詞,出現「작년」,"비교를 위해 실제 상황에 맞는 데이터를 입력하세요. 연간 주행 거리는 작년 실제 주행 거리를 기준으로 입력하고, 보험료와 유지비는 차량 모델별 견"
tools\ko\fsa-savings-calc.html,韓文,年份字樣,出現「2025」,"규칙을 확인하세요.</p><p><small>출처: IRS Notice 2025-67(2026년 한도), 2026년 8월 업데이트.</small></p"
tools\ko\hsa-contribution-calc.html,韓文,年份字樣,出現「2025」,"는 것이 중요합니다.</p><p><small>출처: IRS Notice 2025-67(2026년 한도), 2026년 8월 업데이트.</small></p"
tools\ko\hsa-contribution-calc.html,韓文,相對時間詞,出現「올해」,"div> </div>   <small class=""input-help"">올해 고용주가 기여하는 HSA 기여금 금액을 입력하세요</small> <di"
tools\ko\ohms-law.html,韓文,年份字樣,出現「2000」,"P=VI로 계산되며, 가정용 냉장고는 약 150-600W, 에어컨은 약 2000-4000W를 소비합니다. 전기 요금은 소비한 전력에 시간을 곱한 에너지"
tools\ko\oop-maximum-calc.html,韓文,相對時間詞,出現「올해」,"e=""number"" id=""amountPaid"" placeholder=""올해 지출한 총액""  value=""2150"" step=""0.01""></div"
tools\ko\oop-maximum-calc.html,韓文,相對時間詞,出現「올해」,"div> </div>   <small class=""input-help"">올해 현재까지 의료비로 지출한 총액을 입력하세요</small></div>"
tools\ko\rental-income-tax.html,韓文,相對時間詞,出現「올해」,최종적으로 계산된 과세 임대료 소득과 예상 세금 책임 금액을 기준으로 올해의 세금 납부액을 계획하세요. 실효 세율은 귀하의 실제 세금 부담을 백분
tools\ko\roth-vs-traditional.html,韓文,年份字樣,出現「2025」,"있음을 의미합니다.</p><p><small>출처: IRS Notice 2025-67(2026년 한도), 2026년 8월 업데이트.</small></p"
tools\ko\roth-vs-traditional.html,韓文,相對時間詞,出現「현재 세율」,"준(사회보장, 투자 수입 등), 생활 지역의 세율 등입니다. 보수적으로 현재 세율과 비슷하거나 약간 높을 것으로 가정하고, 세금 전문가와 상담하는 것이"
tools\ko\stamp-duty.html,韓文,相對時間詞,出現「현행 세율」,"재구매자는 더 높은 누진 세율이 적용됩니다. 정확한 차이는 구매 가격과 현행 세율에 따라 달라집니다.</div></div>   <div class=""fa"
tools\pt\401k-contribution.html,葡萄牙文,年份字樣,出現「2025」,"tadoria.</p><p><small>Fonte: IRS Notice 2025-67 (limites de 2026), atualizado em ago"
tools\pt\appliance-energy.html,葡萄牙文,年份字樣,出現「2000」,"ha que tem um aquecedor com potência de 2000 watts que funciona 4 horas diárias, e a"
tools\pt\appliance-energy.html,葡萄牙文,年份字樣,出現「2000」,"é de 0,16RR$ por kWh. O cálculo seria: (2000 ÷ 1000) × 4 × 0,16 = 1,28RR$ por dia. M"
tools\pt\cagr.html,葡萄牙文,年份字樣,出現「2019」,"€ 50.000 em um fundo de investimento em 2019 e, ao final de 2023 (4 anos), seu inves"
tools\pt\cagr.html,葡萄牙文,年份字樣,出現「2023」,"de investimento em 2019 e, ao final de 2023 (4 anos), seu investimento vale € 72.00"
tools\pt\catch-up-contribution.html,葡萄牙文,年份字樣,出現「2025」,"o prazo.</p><p><small>Fonte: IRS Notice 2025-67 (limites de 2026), atualizado em ago"
tools\pt\court-fee.html,葡萄牙文,年份字樣,出現「2024」,"é de 1,5% sobre o valor da causa (desde 2024), com mínimo de 5 UFESPs e máximo de 3."
tools\pt\court-fee.html,葡萄牙文,年份字樣,出現「2024」,"é de 1,5% sobre o valor da causa (desde 2024), com mínimo de 5 UFESPs e máximo de 3."
tools\pt\dental-cost-calculator.html,葡萄牙文,相對時間詞,出現「este ano」,"el for=""deductibleMet"">Franquia Já Paga Este Ano</label>   <div class=""input-row""><span"
tools\pt\dental-cost-calculator.html,葡萄牙文,相對時間詞,出現「este ano」,">Insira quanto já foi pago de franquia neste ano</small> <div class=""input-group"">   <la"
tools\pt\dental-cost-calculator.html,葡萄牙文,相對時間詞,出現「este ano」,"""benefitsUsed"">Benefícios Já Utilizados Este Ano</label>   <div class=""input-row""><span"
tools\pt\dental-cost-calculator.html,葡萄牙文,相對時間詞,出現「este ano」,"to já foi utilizado do benefício máximo este ano</small></div>     <button class=""btn-ca"
tools\pt\dental-cost-calculator.html,葡萄牙文,相對時間詞,出現「este ano」,"custosos, pode ser vantajoso fazer um neste ano e outro no ano seguinte. Sempre consult"
tools\pt\fsa-savings-calc.html,葡萄牙文,年份字樣,出現「2025」,"mpostos.</p><p><small>Fonte: IRS Notice 2025-67 (limites de 2026), atualizado em ago"
tools\pt\gdpr-fine.html,葡萄牙文,年份字樣,出現「2018」,soais. Entrou em vigor em 25 de maio de 2018 e aplica-se a todas as organizações que
tools\pt\health-deductible-calc.html,葡萄牙文,相對時間詞,出現「este ano」,já gastou em despesas médicas cobertas este ano. A calculadora processará imediatamente
tools\pt\hsa-contribution-calc.html,葡萄牙文,年份字樣,出現「2025」,"atuais.</p><p><small>Fonte: IRS Notice 2025-67 (limites de 2026), atualizado em ago"
tools\pt\income-tax.html,葡萄牙文,年份字樣,出現「2024」,"ação de declaração. Para o exercício de 2024, o valor aproximado é R$ 14.200 para so"
tools\pt\influencer-rate.html,葡萄牙文,年份字樣,出現「2024」,"rabalhada.</p><h2>Benchmarks de Mercado 2024</h2><p>Segundo pesquisas de mercado, in"
tools\pt\ivf-cost-calculator.html,葡萄牙文,年份字樣,出現「2000」,""" id=""additionalCosts"" placeholder=""ex: 2000""  value=""0"" step=""100""></div> </div>"
tools\pt\mortgage-refinance.html,葡萄牙文,相對時間詞,出現「taxa atual」,"aem significativamente em relação à sua taxa atual, geralmente uma redução de pelo menos 0"
tools\pt\oop-maximum-calc.html,葡萄牙文,相對時間詞,出現「este ano」,"aid"" placeholder=""Total gasto até agora este ano""  value=""2150"" step=""0.01""></div> </div"
tools\pt\oop-maximum-calc.html,葡萄牙文,相對時間詞,出現「este ano」,"que você já gastou com despesas médicas este ano</small></div>     <button class=""btn-ca"
tools\pt\payroll-tax.html,葡萄牙文,年份字樣,出現「2024」,"tes de pagar imposto. Para o ano fiscal 2024/25, o abono pessoal padrão é de R$12.57"
tools\pt\premium-vs-hdhp.html,葡萄牙文,相對時間詞,出現「este ano」,"lor total que pode contribuir para HSA neste ano</small></div>     <button class=""btn-ca"
tools\pt\rent-vs-buy.html,葡萄牙文,相對時間詞,出現「este ano」,"e o custo cumulativo do aluguel. Antes deste ano, o aluguel é mais barato; depois dele,"
tools\pt\rent-vs-buy.html,葡萄牙文,相對時間詞,出現「este ano」,"forte valorização e aluguel crescente, este ano pode ser mais cedo. Em mercados com pou"
tools\pt\roth-vs-traditional.html,葡萄牙文,年份字樣,出現「2025」,"contas.</p><p><small>Fonte: IRS Notice 2025-67 (limites de 2026), atualizado em ago"
tools\zh-CN\401k-contribution.html,簡體中文,年份字樣,出現「2025」,在退休时提取时免税。</p><p><small>数据来源：IRS Notice 2025-67（2026年额度），2026年8月更新。</small></p></art
tools\zh-CN\age-calculator.html,簡體中文,相對時間詞,出現「今年」,"？</div><div class=""faq-a"">这可能是因为您的生日还没有在今年到来。计算器使用您的精确出生日期和当前日期进行计算，如果今年的生日还未来临，您的"
tools\zh-CN\age-calculator.html,簡體中文,相對時間詞,出現「今年」,因为您的生日还没有在今年到来。计算器使用您的精确出生日期和当前日期进行计算，如果今年的生日还未来临，您的年龄将比您预期的少一岁。</div></div>   <di
tools\zh-CN\catch-up-contribution.html,簡體中文,年份字樣,出現「2025」,休后的预期收入水平。</p><p><small>数据来源：IRS Notice 2025-67（2026年额度），2026年8月更新。</small></p></art
tools\zh-CN\credit-card-payoff.html,簡體中文,年份字樣,出現「2000」,"超过您最初借用的金额。例如，如果您欠¥5000，最终支付¥7000，则总利息为¥2000。</div></div>   <div class=""faq-item""><d"
tools\zh-CN\dental-cost-calculator.html,簡體中文,年份字樣,出現「2000」,福利上限</h2><p>大多数牙科保险都有年度最大福利上限，通常为¥1000到¥2000。一旦您使用了这个金额，保险就不会再支付任何费用，直到下一个保险年度开始。</p
tools\zh-CN\dental-cost-calculator.html,簡體中文,相對時間詞,出現「今年」,"v> </div>   <small class=""input-help"">输入今年已经支付的免赔额</small> <div class=""input-group"
tools\zh-CN\dental-cost-calculator.html,簡體中文,相對時間詞,出現「今年」,"v> </div>   <small class=""input-help"">输入今年已经使用的保险福利金额</small></div>     <button cl"
tools\zh-CN\dental-cost-calculator.html,簡體中文,相對時間詞,出現「今年」,险支付额显示保险公司将承担的费用，您的自付额是您需要支付的部分。剩余免赔额表示您今年还需要支付的免赔额，剩余年度福利显示您还能使用的保险额度。</div>
tools\zh-CN\fsa-savings-calc.html,簡體中文,年份字樣,出現「2025」,S网站了解最新限额。</p><p><small>数据来源：IRS Notice 2025-67（2026年额度），2026年8月更新。</small></p></art
tools\zh-CN\health-deductible-calc.html,簡體中文,相對時間詞,出現「今年」,"> </div>   <small class=""input-help"">输入您今年迄今为止已经支付的医疗费用总额</small></div>     <butto"
tools\zh-CN\hsa-contribution-calc.html,簡體中文,年份字樣,出現「2025」,"定计划文件以确保合规性。</p><p><small>来源：IRS Notice 2025-67(2026年限额),2026年8月更新。</small></p></art"
tools\zh-CN\inflation.html,簡體中文,相對時間詞,出現「去年」,p>购买力是指您的资金能够购买多少商品和服务。当通货膨胀率为2.5%时，这意味着去年¥1000的购买力相当于今年的¥975。这种损失会随着时间逐年累积。使用本计算器
tools\zh-CN\inflation.html,簡體中文,相對時間詞,出現「去年」,"class=""faq-a"">这意味着商品和服务的平均价格每年上升2.5%。因此，去年¥100能买到的东西，今年需要¥102.50。这个过程会随着年份累积，长期影响显"
tools\zh-CN\inflation.html,簡體中文,相對時間詞,出現「今年」,买多少商品和服务。当通货膨胀率为2.5%时，这意味着去年¥1000的购买力相当于今年的¥975。这种损失会随着时间逐年累积。使用本计算器，您可以预测未来任何时间点您
tools\zh-CN\inflation.html,簡體中文,相對時間詞,出現「今年」,>这意味着商品和服务的平均价格每年上升2.5%。因此，去年¥100能买到的东西，今年需要¥102.50。这个过程会随着年份累积，长期影响显著。</div></div
tools\zh-CN\ivf-cost-calculator.html,簡體中文,年份字樣,出現「2000」,"r"" id=""additionalCosts"" placeholder=""例如：2000""  value=""0"" step=""100""></div> </div>"
tools\zh-CN\oop-maximum-calc.html,簡體中文,相對時間詞,出現「今年」,"""number"" id=""amountPaid"" placeholder=""输入今年迄今为止的总支出""  value=""2150"" step=""0.01""></di"
tools\zh-CN\oop-maximum-calc.html,簡體中文,相對時間詞,出現「今年」,"v> </div>   <small class=""input-help"">输入今年迄今为止已经支付的医疗费用总额</small></div>     <butto"
tools\zh-CN\oop-maximum-calc.html,簡體中文,相對時間詞,出現「今年」,><p>首先，在您的保险文件或保险公司网站上找到您的年度自付额上限。然后，输入您今年迄今为止已支付的医疗费用总额。计算器将立即显示您的剩余自付额、已使用百分比和剩余
tools\zh-CN\payroll-tax.html,簡體中文,年份字樣,出現「2024」,h2>所得税和国民保险</h2><p>所得税根据您的税码和收入水平计算。在英国，2024-2025税年的个人免税额为12570英镑，之后的边际税率为20%（基本税率）。
tools\zh-CN\rebar-calculator.html,簡體中文,年份字樣,出現「2018」,>重量计算方法</h2><p>钢筋重量的计算基于国家标准GB/T 1499.2-2018。对于圆钢筋，重量（kg）= 直径²（mm²）× 长度（m）× 密度系数0.00
tools\zh-CN\roth-vs-traditional.html,簡體中文,年份字樣,出現「2025」,"分析，找到最适合的策略。</p><p><small>来源：IRS Notice 2025-67(2026年限额),2026年8月更新。</small></p></art"
tools\zh-CN\scholarship-calculator.html,簡體中文,相對時間詞,出現「去年」,>计算器会生成四个关键结果。年度成本是你每年需要自行支付的金额，计算方法是学费减去年度援助。全程总成本是年度成本乘以学年数。年度财政援助显示每年能够获得的奖学金和助
tools\zh-CN\umbrella-insurance.html,簡體中文,年份字樣,出現「2000」,"故可能导致超过您现有保险限额的巨额赔偿要求。伞式保险通常以相对低廉的保费(年费¥2000-5000)提供¥100万-¥1000万的额外保障,是保护资产的经济有效方式。<"
tools\zh-CN\umbrella-insurance.html,簡體中文,年份字樣,出現「2000」,"iv><div class=""faq-a"">伞式保险的保费相对较低,通常年费在¥2000-5000之间,具体取决于保额、您的风险档案和保险公司。一般来说,保额越高,单位"
blog\de\stock-selection-guide.html,德文,年份字樣,出現「2019」,"l: Ein Unternehmen mit Gewinnen von 2€ (2019), 2,20€ (2020), 2,50€ (2021), 2,85€ (20"
blog\de\stock-selection-guide.html,德文,年份字樣,出現「2020」,"hmen mit Gewinnen von 2€ (2019), 2,20€ (2020), 2,50€ (2021), 2,85€ (2022), 3,10€ (20"
blog\de\stock-selection-guide.html,德文,年份字樣,出現「2021」,"nen von 2€ (2019), 2,20€ (2020), 2,50€ (2021), 2,85€ (2022), 3,10€ (2023) zeigt star"
blog\de\stock-selection-guide.html,德文,年份字樣,出現「2022」,"19), 2,20€ (2020), 2,50€ (2021), 2,85€ (2022), 3,10€ (2023) zeigt starkes, konsisten"
blog\de\stock-selection-guide.html,德文,年份字樣,出現「2023」,"20), 2,50€ (2021), 2,85€ (2022), 3,10€ (2023) zeigt starkes, konsistentes Wachstum.<"
blog\en\rsi-indicator.html,英文,年份字樣,出現「2020」,"emained overbought for weeks during its 2020 rally. Use context, not mechanical rule"
blog\en\stock-selection-guide.html,英文,相對時間詞,出現「last year」,strong> Just because a company grew 30% last year doesn't mean it will next year. Look fo
blog\es\moving-average-guide.html,西班牙文,年份字樣,出現「2020」,"rong>Ejemplo real:</strong> En marzo de 2020, durante el crash de COVID-19, muchas a"
blog\es\stock-selection-guide.html,西班牙文,相對時間詞,出現「este año」,ente año tras año. Comparar ingresos de este año con el año anterior muestra tendencia.
blog\fr\candlestick-patterns.html,法文,年份字樣,出現「2023」,"tion de Marché Haussier</h3> <p>En mars 2023, lors d'une correction technologique, p"
blog\fr\candlestick-patterns.html,法文,年份字樣,出現「2022」,"rtit d'une Inversion</h3> <p>En janvier 2022, plusieurs indices boursiers ont formé"
blog\fr\institutional-investors.html,法文,年份字樣,出現「2020」,"p><strong>Exemple concret :</strong> En 2020, de nombreux marchés émergents ont conn"
blog\fr\macd-indicator.html,法文,年份字樣,出現「2023」,trading de l'or (XAU/USD) en septembre 2023. Le prix était en tendance baissière de
blog\fr\stock-selection-guide.html,法文,年份字樣,出現「2023」,bilité</td> <td>Bénéfice net positif en 2023 et 2024</td> <td>Santé économique vérif
blog\fr\stock-selection-guide.html,法文,年份字樣,出現「2024」,td> <td>Bénéfice net positif en 2023 et 2024</td> <td>Santé économique vérifiée</td>
blog\fr\stock-selection-guide.html,法文,年份字樣,出現「2020」,Croissance Annuelle</th> </tr> <tr> <td>2020</td> <td>100</td> <td>-</td> </tr> <tr>
blog\fr\stock-selection-guide.html,法文,年份字樣,出現「2021」,<td>100</td> <td>-</td> </tr> <tr> <td>2021</td> <td>110</td> <td>+10%</td> </tr> <
blog\fr\stock-selection-guide.html,法文,年份字樣,出現「2022」,"d>110</td> <td>+10%</td> </tr> <tr> <td>2022</td> <td>127</td> <td>+15,5%</td> </tr>"
blog\fr\stock-selection-guide.html,法文,年份字樣,出現「2023」,"127</td> <td>+15,5%</td> </tr> <tr> <td>2023</td> <td>145</td> <td>+14,2%</td> </tr>"
blog\fr\stock-selection-guide.html,法文,年份字樣,出現「2024」,"145</td> <td>+14,2%</td> </tr> <tr> <td>2024</td> <td>165</td> <td>+13,8%</td> </tr>"
blog\fr\support-resistance.html,法文,年份字樣,出現「2023」,ur l'illustration) :</p><ul><li>Juillet 2023 : pic à 140€</li><li>Octobre 2023 : pic
blog\fr\support-resistance.html,法文,年份字樣,出現「2023」,illet 2023 : pic à 140€</li><li>Octobre 2023 : pic à 142€</li><li>Janvier 2024 : pic
blog\fr\support-resistance.html,法文,年份字樣,出現「2024」,tobre 2023 : pic à 142€</li><li>Janvier 2024 : pic à 141€</li><li>Février 2024 : cre
blog\fr\support-resistance.html,法文,年份字樣,出現「2024」,nvier 2024 : pic à 141€</li><li>Février 2024 : creux à 125€</li><li>Avril 2024 : cre
blog\fr\support-resistance.html,法文,年份字樣,出現「2024」,vrier 2024 : creux à 125€</li><li>Avril 2024 : creux à 126€</li></ul><p><strong>Anal
blog\id\institutional-investors.html,印尼文,年份字樣,出現「2024」,"toh Realistis:</strong> Pada periode Q1 2024, investor asing secara net membeli Rp 2"
blog\id\institutional-investors.html,印尼文,年份字樣,出現「2000」,"Saham ABC memiliki support level di Rp 2000. Setiap kali turun ke level ini, dealer"
blog\id\moving-average-guide.html,印尼文,相對時間詞,出現「tahun lalu」,"trading. Meskipun dikembangkan puluhan tahun lalu, aturan-aturan ini masih relevan hingga"
blog\id\stock-selection-guide.html,印尼文,年份字樣,出現「2023」,")</li> </ul>  <p>Contoh: Jika EPS tahun 2023 adalah Rp 500, dan tahun 2024 adalah Rp"
blog\id\stock-selection-guide.html,印尼文,年份字樣,出現「2024」,"EPS tahun 2023 adalah Rp 500, dan tahun 2024 adalah Rp 600, pertumbuhan EPS = (600-5"
blog\id\stock-selection-guide.html,印尼文,年份字樣,出現「2020」,h)</th> <th>ROE (%)</th> </tr> <tr> <td>2020</td> <td>50.000</td> <td>5.000</td> <td
blog\id\stock-selection-guide.html,印尼文,年份字樣,出現「2021」,<td>250</td> <td>12</td> </tr> <tr> <td>2021</td> <td>55.000</td> <td>5.800</td> <td
blog\id\stock-selection-guide.html,印尼文,年份字樣,出現「2022」,d>290</td> <td>13.5</td> </tr> <tr> <td>2022</td> <td>61.000</td> <td>6.700</td> <td
blog\id\stock-selection-guide.html,印尼文,年份字樣,出現「2023」,<td>335</td> <td>15</td> </tr> <tr> <td>2023</td> <td>68.000</td> <td>7.850</td> <td
blog\id\stock-selection-guide.html,印尼文,年份字樣,出現「2024」,392.5</td> <td>16.5</td> </tr> <tr> <td>2024</td> <td>76.000</td> <td>9.120</td> <td
blog\ja\profit-loss-ratio.html,日文,年份字樣,出現「2000」,d>リスク（ロット単位100）</td><td>500円</td><td>（1.2000 - 1.1950）× 100ロット</td></tr><tr><td>リワード
blog\ja\profit-loss-ratio.html,日文,年份字樣,出現「2000」,"100）</td><td>1,000円</td><td>（1.2100 - 1.2000）× 100ロット</td></tr><tr><td>リスク・リワード比率</t"
